Unnamed: 0,id,Gender,Customer Type,Age,Type of Travel,Class,Flight Distance,Inflight wifi service,Departure/Arrival time convenient,Ease of Online booking,Gate location,Food and drink,Online boarding,Seat comfort,Inflight entertainment,On-board service,Leg room service,Baggage handling,Checkin service,Inflight service,Cleanliness,Departure Delay in Minutes,Arrival Delay in Minutes,satisfaction
0,1,Male,Loyal Customer,65,Personal Travel,Business,4142,5,2,3,1,5,4,3,3,0,1,2,1,5,5,170,169.0,satisfied
1,2,Female,Loyal Customer,19,Business travel,Eco,1471,0,0,2,3,3,4,0,4,2,3,5,3,1,0,209,223.0,neutral or dissatisfied
2,3,Male,Loyal Customer,23,Business travel,Business,420,0,4,3,2,1,3,3,5,3,3,3,0,4,0,295,309.0,satisfied
3,4,Male,disloyal Customer,45,Business travel,Business,4754,4,5,4,5,0,3,3,5,1,3,2,4,3,4,88,87.0,satisfied
4,5,Male,Loyal Customer,70,Personal Travel,Eco Plus,4159,0,4,0,1,1,0,5,2,4,5,4,3,0,5,166,170.0,neutral or dissatisfied
5,6,Female,Loyal Customer,46,Business travel,Eco,1231,1,1,0,2,4,3,1,3,3,3,5,0,1,2,27,37.0,neutral or dissatisfied
6,7,Male,disloyal Customer,43,Business travel,Eco,2678,0,2,1,5,5,1,2,1,2,4,4,4,4,5,237,,neutral or dissatisfied
7,8,Male,disloyal Customer,42,Personal Travel,Business,4142,3,3,5,5,0,2,3,0,3,0,3,5,1,2,62,81.0,neutral or dissatisfied
8,9,Male,disloyal Customer,29,Business travel,Business,3467,5,5,1,3,3,1,3,1,2,3,5,1,5,0,254,278.0,neutral or dissatisfied
9,10,Female,disloyal Customer,22,Business travel,Eco,917,0,2,0,4,0,3,0,1,5,4,5,4,2,5,40,,neutral or dissatisfied
10,11,Male,Loyal Customer,51,Business travel,Business,111,3,4,4,0,5,4,0,3,0,4,5,0,3,1,28,44.0,neutral or dissatisfied
11,12,Male,Loyal Customer,65,Business travel,Eco,294,0,3,1,2,3,1,5,0,0,4,1,2,4,4,278,300.0,neutral or dissatisfied
12,13,Male,disloyal Customer,54,Personal Travel,Eco,2637,0,2,3,1,5,4,0,2,3,2,5,0,4,5,79,103.0,neutral or dissatisfied
13,14,Male,disloyal Customer,32,Business travel,Eco,2942,4,0,5,2,3,1,4,1,1,2,4,2,0,3,50,63.0,neutral or dissatisfied
14,15,Female,Loyal Customer,61,Business travel,Business,2329,1,5,3,4,2,4,3,0,4,4,4,1,0,2,111,125.0,satisfied
15,16,Male,Loyal Customer,53,Personal Travel,Business,3109,5,1,5,0,2,5,0,2,2,5,3,1,0,5,89,,satisfied
16,17,Female,Loyal Customer,32,Personal Travel,Eco Plus,4851,1,2,4,2,1,1,1,1,4,3,2,3,1,1,228,244.0,neutral or dissatisfied
17,18,Female,disloyal Customer,60,Personal Travel,Eco,2177,2,2,1,4,1,4,4,0,0,0,2,3,3,2,149,158.0,neutral or dissatisfied
18,19,Female,disloyal Customer,65,Business travel,Eco,3967,4,0,5,1,3,2,5,3,1,5,1,2,1,1,242,247.0,neutral or dissatisfied
19,20,Male,Loyal Customer,40,Business travel,Business,4973,4,4,3,3,0,0,2,5,1,1,5,2,3,4,137,165.0,satisfied
20,21,Female,Loyal Customer,23,Personal Travel,Business,543,1,5,1,5,4,1,3,5,4,2,1,1,4,4,134,,satisfied
21,22,Male,Loyal Customer,63,Personal Travel,Eco,397,4,5,1,1,4,2,3,1,0,3,3,4,1,4,88,,neutral or dissatisfied
22,23,Female,disloyal Customer,67,Business travel,Eco,944,1,1,3,0,0,0,1,1,4,3,3,2,1,0,14,25.0,neutral or dissatisfied
23,24,Female,disloyal Customer,61,Business travel,Eco,1115,4,2,0,5,0,1,2,0,3,1,2,2,1,1,173,195.0,neutral or dissatisfied
24,25,Female,disloyal Customer,60,Business travel,Business,1484,0,3,5,1,2,2,2,5,1,1,3,4,2,5,89,114.0,satisfied
25,26,Female,Loyal Customer,62,Personal Travel,Eco Plus,1497,1,2,3,1,4,2,5,1,1,3,5,3,5,3,212,215.0,neutral or dissatisfied
26,27,Female,Loyal Customer,38,Business travel,Eco,653,1,1,4,1,3,5,5,2,3,1,4,3,3,3,60,64.0,satisfied
27,28,Female,Loyal Customer,40,Business travel,Eco,2450,3,2,2,1,5,2,4,1,0,3,3,2,3,4,219,234.0,neutral or dissatisfied
28,29,Female,Loyal Customer,60,Business travel,Eco Plus,4616,4,0,3,5,1,5,3,5,1,5,1,3,1,3,60,88.0,satisfied
29,30,Female,disloyal Customer,72,Personal Travel,Business,1369,4,2,1,0,5,3,0,4,5,1,5,3,2,2,165,190.0,satisfied
30,31,Male,disloyal Customer,33,Personal Travel,Eco Plus,1360,1,2,1,4,2,4,5,5,5,5,3,5,1,1,11,34.0,satisfied
31,32,Male,disloyal Customer,64,Business travel,Business,284,0,3,3,2,4,0,1,2,5,5,3,3,3,1,215,220.0,neutral or dissatisfied
32,33,Female,disloyal Customer,70,Personal Travel,Eco Plus,4663,0,0,2,3,0,4,1,0,2,1,5,1,5,1,76,103.0,neutral or dissatisfied
33,34,Female,Loyal Customer,32,Personal Travel,Eco,2510,5,0,3,2,4,4,1,2,2,3,3,0,5,2,231,226.0,neutral or dissatisfied
34,35,Female,disloyal Customer,42,Business travel,Business,4531,0,2,2,2,3,5,5,4,0,4,4,2,4,5,111,126.0,satisfied
35,36,Male,disloyal Customer,53,Business travel,Eco,2309,4,5,2,3,2,4,5,4,3,3,2,2,2,0,65,82.0,satisfied
36,37,Female,disloyal Customer,28,Business travel,Business,3772,3,3,4,5,0,2,1,1,4,0,5,1,5,2,181,,neutral or dissatisfied
37,38,Male,Loyal Customer,68,Personal Travel,Eco,4783,1,2,5,0,5,5,5,1,0,1,1,0,2,1,203,198.0,neutral or dissatisfied
38,39,Male,Loyal Customer,32,Business travel,Eco,1981,2,2,1,3,3,4,0,5,4,2,3,0,1,1,205,220.0,neutral or dissatisfied
39,40,Male,Loyal Customer,21,Personal Travel,Business,4396,3,1,1,0,5,5,0,3,0,1,2,1,4,1,285,301.0,neutral or dissatisfied
40,41,Male,disloyal Customer,38,Personal Travel,Business,621,2,1,2,5,1,3,4,2,2,0,1,4,3,5,104,102.0,satisfied
41,42,Male,Loyal Customer,30,Business travel,Eco Plus,1987,3,5,1,2,2,5,3,5,5,5,1,4,5,3,241,236.0,satisfied
42,43,Female,Loyal Customer,39,Personal Travel,Business,2652,0,3,0,0,3,1,0,3,3,2,4,0,5,0,234,238.0,neutral or dissatisfied
43,44,Female,Loyal Customer,36,Business travel,Eco,3909,4,4,2,5,3,2,4,5,2,2,2,4,0,2,175,184.0,satisfied
44,45,Female,Loyal Customer,51,Business travel,Eco,4983,2,1,1,5,5,0,2,4,3,3,5,4,3,1,210,233.0,neutral or dissatisfied
45,46,Female,Loyal Customer,31,Personal Travel,Eco Plus,4255,3,4,0,4,0,1,3,1,4,4,2,4,5,4,30,29.0,neutral or dissatisfied
46,47,Female,Loyal Customer,21,Personal Travel,Business,4773,4,0,4,3,1,1,0,1,0,3,2,0,5,0,234,257.0,neutral or dissatisfied
47,48,Male,Loyal Customer,65,Business travel,Eco Plus,4516,2,1,1,4,5,1,2,5,1,2,1,4,3,4,241,262.0,neutral or dissatisfied
48,49,Female,Loyal Customer,70,Personal Travel,Eco,3579,1,1,0,2,3,4,4,1,1,2,4,2,4,0,152,,neutral or dissatisfied
49,50,Female,disloyal Customer,69,Personal Travel,Business,1509,3,3,3,3,2,5,0,0,3,4,4,5,2,1,195,205.0,neutral or dissatisfied
50,51,Male,Loyal Customer,63,Business travel,Eco Plus,1794,1,5,5,2,3,5,0,5,5,1,2,0,3,0,268,278.0,neutral or dissatisfied
51,52,Female,disloyal Customer,44,Personal Travel,Eco,4764,0,4,3,4,4,4,5,4,5,4,2,1,2,0,169,188.0,neutral or dissatisfied
52,53,Male,Loyal Customer,46,Business travel,Eco,626,1,1,0,5,2,2,2,5,3,5,3,4,4,1,231,,neutral or dissatisfied
53,54,Female,Loyal Customer,64,Business travel,Business,2760,1,1,2,2,2,4,0,5,2,3,1,3,4,5,183,182.0,satisfied
54,55,Male,disloyal Customer,45,Business travel,Eco,2272,5,3,2,3,3,4,1,1,1,1,5,0,1,4,274,288.0,neutral or dissatisfied
55,56,Female,Loyal Customer,52,Personal Travel,Business,379,3,3,1,3,0,4,5,4,2,3,5,1,0,5,31,30.0,satisfied
56,57,Female,Loyal Customer,25,Personal Travel,Business,3064,0,5,3,2,2,2,5,5,4,4,4,5,4,4,176,199.0,satisfied
57,58,Male,Loyal Customer,33,Business travel,Eco,4077,1,4,2,3,4,2,0,1,1,1,1,2,4,3,64,,neutral or dissatisfied
58,59,Male,disloyal Customer,59,Business travel,Eco,2769,4,0,2,5,5,3,5,2,4,4,4,1,2,4,197,209.0,satisfied
59,60,Male,Loyal Customer,53,Personal Travel,Business,2993,2,5,3,5,0,3,3,4,0,5,5,4,4,4,26,22.0,satisfied
60,61,Male,disloyal Customer,47,Business travel,Business,1851,1,0,4,3,0,3,2,3,2,0,2,3,3,0,150,160.0,neutral or dissatisfied
61,62,Male,Loyal Customer,35,Personal Travel,Business,4081,0,2,2,2,0,3,3,0,3,2,1,4,1,3,267,290.0,neutral or dissatisfied
62,63,Male,Loyal Customer,19,Personal Travel,Business,4869,1,1,5,4,2,5,4,3,1,1,1,1,1,1,84,111.0,neutral or dissatisfied
63,64,Male,Loyal Customer,66,Business travel,Business,2461,2,4,0,3,0,1,3,4,2,2,3,0,3,1,65,75.0,neutral or dissatisfied
64,65,Male,Loyal Customer,30,Personal Travel,Business,4527,0,5,1,3,3,1,1,5,3,0,2,3,5,2,132,161.0,neutral or dissatisfied
65,66,Female,Loyal Customer,21,Business travel,Eco Plus,4231,3,1,2,3,0,3,5,1,0,1,2,3,4,3,81,92.0,neutral or dissatisfied
66,67,Female,Loyal Customer,43,Personal Travel,Eco,1808,0,4,5,3,4,3,5,4,1,2,4,1,0,0,97,,neutral or dissatisfied
67,68,Male,Loyal Customer,42,Personal Travel,Eco,2786,3,4,5,2,1,0,1,0,4,2,1,5,4,2,72,70.0,neutral or dissatisfied
68,69,Female,disloyal Customer,47,Personal Travel,Eco,2995,0,4,2,4,4,1,5,4,0,1,4,5,1,2,29,48.0,neutral or dissatisfied
69,70,Female,Loyal Customer,28,Business travel,Business,4635,2,1,4,4,2,0,3,1,5,2,2,4,0,1,124,151.0,neutral or dissatisfied
70,71,Female,Loyal Customer,24,Personal Travel,Eco,2876,2,5,0,0,0,0,4,3,3,2,3,1,5,4,209,217.0,neutral or dissatisfied
71,72,Female,disloyal Customer,48,Business travel,Eco,1219,0,3,1,3,0,4,0,2,1,1,1,3,2,0,271,289.0,neutral or dissatisfied
72,73,Male,Loyal Customer,61,Business travel,Eco,3088,1,1,2,3,3,5,1,3,1,2,2,1,2,3,212,,neutral or dissatisfied
73,74,Female,Loyal Customer,27,Business travel,Eco,4359,2,4,1,0,5,2,3,1,0,2,3,3,4,2,132,151.0,neutral or dissatisfied
74,75,Male,disloyal Customer,56,Business travel,Eco,4343,3,5,3,4,0,1,3,1,1,3,5,4,4,0,156,178.0,neutral or dissatisfied
75,76,Female,disloyal Customer,30,Business travel,Eco Plus,294,3,2,5,1,4,3,3,0,3,5,2,0,0,1,46,47.0,neutral or dissatisfied
76,77,Female,Loyal Customer,48,Personal Travel,Business,762,4,0,5,5,2,3,0,4,0,3,5,0,0,2,21,25.0,neutral or dissatisfied
77,78,Female,disloyal Customer,24,Personal Travel,Eco,579,5,4,2,1,1,2,2,4,4,0,4,1,5,2,82,,satisfied
78,79,Male,Loyal Customer,73,Business travel,Eco,4318,5,2,2,4,0,1,5,3,0,3,5,3,4,5,233,246.0,satisfied
79,80,Female,Loyal Customer,66,Personal Travel,Eco,1523,5,3,3,3,1,3,5,2,0,3,2,0,1,1,59,71.0,neutral or dissatisfied
80,81,Male,Loyal Customer,59,Business travel,Eco Plus,2808,3,4,4,1,0,3,4,2,4,0,5,3,2,5,187,187.0,satisfied
81,82,Female,disloyal Customer,59,Personal Travel,Business,3275,4,2,2,2,2,4,2,0,5,2,1,4,5,1,57,79.0,satisfied
82,83,Male,Loyal Customer,73,Personal Travel,Business,3914,5,4,5,2,5,0,5,1,3,2,2,1,0,1,258,259.0,neutral or dissatisfied
83,84,Female,Loyal Customer,53,Business travel,Eco,2114,5,1,1,0,4,3,4,0,5,3,3,3,1,5,161,167.0,satisfied
84,85,Male,Loyal Customer,37,Personal Travel,Eco Plus,3889,0,5,0,4,2,5,4,4,5,0,5,1,4,0,1,29.0,satisfied
85,86,Male,Loyal Customer,21,Business travel,Eco Plus,4905,0,2,1,4,1,1,3,5,5,2,1,3,3,0,270,289.0,neutral or dissatisfied
86,87,Female,Loyal Customer,71,Business travel,Business,2543,0,5,4,1,0,5,1,5,2,4,4,5,0,0,142,153.0,neutral or dissatisfied
87,88,Male,Loyal Customer,24,Personal Travel,Business,1011,1,1,0,3,1,2,3,5,5,1,4,5,5,4,187,214.0,satisfied
88,89,Female,Loyal Customer,71,Business travel,Eco,3313,5,1,1,4,4,4,0,1,2,1,5,3,3,2,223,240.0,neutral or dissatisfied
89,90,Female,Loyal Customer,18,Business travel,Eco,2464,1,5,1,1,2,1,5,0,4,5,4,4,1,0,179,182.0,neutral or dissatisfied
90,91,Female,Loyal Customer,61,Business travel,Eco,3729,4,2,3,1,1,4,4,3,3,1,3,1,2,4,22,22.0,satisfied
91,92,Female,Loyal Customer,73,Personal Travel,Eco Plus,3572,3,5,4,5,1,0,1,4,5,3,2,2,1,2,36,32.0,neutral or dissatisfied
92,93,Female,Loyal Customer,62,Business travel,Eco,780,5,5,5,5,4,3,5,5,1,1,1,3,2,0,106,109.0,satisfied
93,94,Female,Loyal Customer,59,Business travel,Business,4751,3,0,3,4,0,1,4,2,4,1,5,3,1,1,296,293.0,satisfied
94,95,Female,disloyal Customer,64,Personal Travel,Eco,709,0,2,0,1,1,2,4,0,2,4,4,5,0,3,228,238.0,neutral or dissatisfied
95,96,Female,Loyal Customer,30,Personal Travel,Eco Plus,2256,5,0,5,0,4,0,3,4,3,2,2,0,0,0,96,115.0,neutral or dissatisfied
96,97,Female,Loyal Customer,72,Business travel,Eco Plus,3966,2,4,3,0,0,0,1,4,0,4,3,5,5,3,280,298.0,neutral or dissatisfied
97,98,Female,Loyal Customer,39,Business travel,Eco,471,1,5,4,5,5,4,1,2,3,3,4,1,3,0,109,132.0,neutral or dissatisfied
98,99,Female,Loyal Customer,71,Business travel,Eco,715,1,4,2,4,0,0,5,2,3,1,4,5,1,1,36,56.0,neutral or dissatisfied
99,100,Male,Loyal Customer,38,Business travel,Business,2353,5,2,2,3,5,1,4,2,5,2,1,2,1,3,39,68.0,satisfied
100,101,Male,Loyal Customer,39,Business travel,Eco,4238,0,5,0,0,2,4,1,5,5,5,3,4,3,4,84,101.0,satisfied
101,102,Female,Loyal Customer,45,Personal Travel,Business,964,1,4,2,0,4,0,1,5,2,5,3,2,4,1,187,185.0,neutral or dissatisfied
102,103,Female,Loyal Customer,26,Personal Travel,Eco Plus,1368,0,3,3,5,0,2,5,0,2,1,5,4,5,3,239,247.0,neutral or dissatisfied
103,104,Female,Loyal Customer,43,Personal Travel,Business,884,4,1,0,5,5,5,3,2,5,1,1,2,1,3,18,19.0,satisfied
104,105,Female,Loyal Customer,26,Business travel,Business,4671,3,5,5,4,5,1,2,3,5,5,5,5,5,5,260,262.0,satisfied
105,106,Female,Loyal Customer,32,Personal Travel,Eco Plus,4278,2,1,4,5,2,2,0,4,1,5,1,2,1,5,157,170.0,neutral or dissatisfied
106,107,Female,Loyal Customer,27,Business travel,Business,2337,3,0,0,2,3,2,2,2,1,3,3,5,1,1,111,107.0,neutral or dissatisfied
107,108,Female,Loyal Customer,41,Personal Travel,Eco Plus,4154,3,4,5,1,4,4,1,4,4,1,1,5,4,1,143,138.0,neutral or dissatisfied
108,109,Female,Loyal Customer,74,Personal Travel,Eco,4995,4,0,0,0,3,3,4,1,5,5,1,1,0,1,255,262.0,neutral or dissatisfied
109,110,Male,Loyal Customer,59,Business travel,Business,1035,1,5,1,2,0,4,0,1,0,0,1,5,5,2,17,35.0,neutral or dissatisfied
110,111,Female,Loyal Customer,25,Personal Travel,Eco,4080,2,1,1,3,4,1,0,2,1,5,2,0,3,4,183,209.0,neutral or dissatisfied
111,112,Male,disloyal Customer,41,Business travel,Eco Plus,2438,1,1,0,2,2,1,4,4,2,2,2,2,5,0,286,310.0,neutral or dissatisfied
112,113,Female,Loyal Customer,33,Personal Travel,Eco,425,5,4,2,4,0,4,0,1,3,2,3,3,4,5,130,130.0,neutral or dissatisfied
113,114,Female,Loyal Customer,66,Business travel,Business,1634,3,5,1,3,4,3,4,2,4,0,1,3,2,3,280,307.0,satisfied
114,115,Male,disloyal Customer,43,Business travel,Business,3580,5,3,4,3,4,4,0,4,1,3,3,3,2,5,244,261.0,satisfied
115,116,Female,disloyal Customer,44,Personal Travel,Business,3961,0,3,5,5,3,1,5,2,3,1,2,0,4,0,7,11.0,neutral or dissatisfied
116,117,Male,Loyal Customer,54,Business travel,Business,2085,3,4,3,2,0,3,5,5,3,1,1,5,4,1,192,,satisfied
117,118,Female,Loyal Customer,21,Personal Travel,Business,4703,1,5,1,4,2,1,2,4,1,5,5,2,0,5,6,23.0,satisfied
118,119,Female,disloyal Customer,67,Business travel,Eco,2878,3,4,0,0,2,3,0,1,0,2,2,4,5,4,135,,neutral or dissatisfied
119,120,Male,disloyal Customer,41,Personal Travel,Eco,1370,0,5,2,5,0,3,3,2,0,3,2,4,5,4,18,20.0,neutral or dissatisfied
120,121,Female,Loyal Customer,36,Personal Travel,Eco,740,4,0,3,2,0,4,4,1,4,3,2,1,2,2,138,135.0,satisfied
121,122,Male,Loyal Customer,53,Business travel,Eco,4803,5,4,5,0,5,4,0,2,0,3,1,0,3,5,176,184.0,neutral or dissatisfied
122,123,Female,Loyal Customer,56,Business travel,Business,4178,5,5,5,2,1,4,5,0,4,5,4,2,5,1,10,21.0,satisfied
123,124,Male,Loyal Customer,27,Business travel,Business,4761,1,3,1,5,3,3,5,1,2,1,5,5,1,3,40,68.0,satisfied
124,125,Male,Loyal Customer,42,Business travel,Business,1467,3,5,5,0,0,3,4,1,1,3,5,3,1,2,113,113.0,satisfied
125,126,Female,Loyal Customer,35,Business travel,Business,4142,1,5,5,5,0,1,3,3,3,5,3,0,0,1,179,,neutral or dissatisfied
126,127,Female,Loyal Customer,36,Personal Travel,Eco Plus,2675,4,4,2,2,1,2,0,5,4,5,1,0,0,2,193,216.0,neutral or dissatisfied
127,128,Male,disloyal Customer,53,Personal Travel,Eco Plus,3703,3,0,2,3,1,4,0,1,0,0,2,2,2,5,195,,neutral or dissatisfied
128,129,Female,Loyal Customer,27,Personal Travel,Business,1681,3,0,2,1,4,5,3,4,4,4,4,5,3,0,224,236.0,satisfied
129,130,Female,Loyal Customer,50,Personal Travel,Business,2086,1,0,0,3,2,1,3,2,5,3,1,1,3,5,260,284.0,satisfied
130,131,Female,disloyal Customer,72,Personal Travel,Eco,2340,1,0,5,5,3,1,3,0,4,4,1,5,4,1,115,124.0,neutral or dissatisfied
131,132,Male,disloyal Customer,67,Personal Travel,Eco,4066,0,2,5,5,4,0,5,4,0,1,4,1,0,3,149,158.0,neutral or dissatisfied
132,133,Male,Loyal Customer,22,Business travel,Business,2205,4,4,5,5,0,4,4,4,5,5,2,1,5,3,117,127.0,satisfied
133,134,Male,Loyal Customer,64,Personal Travel,Eco,228,0,1,4,0,1,1,3,4,5,3,1,3,1,1,164,191.0,neutral or dissatisfied
134,135,Male,Loyal Customer,66,Personal Travel,Eco,4901,5,4,2,4,5,0,4,4,0,2,5,3,5,2,251,,neutral or dissatisfied
135,136,Male,Loyal Customer,52,Business travel,Business,4096,3,2,3,5,2,5,2,0,5,1,5,2,1,4,266,279.0,satisfied
136,137,Male,Loyal Customer,61,Business travel,Business,951,1,0,1,3,4,5,0,3,1,0,4,5,2,1,43,40.0,neutral or dissatisfied
137,138,Male,Loyal Customer,51,Business travel,Eco Plus,4203,3,2,3,1,5,4,0,5,3,0,2,1,1,5,180,178.0,satisfied
138,139,Male,Loyal Customer,50,Business travel,Eco,2176,3,3,0,5,2,3,1,1,1,4,4,2,5,3,76,81.0,neutral or dissatisfied
139,140,Male,Loyal Customer,72,Personal Travel,Eco,3094,2,3,0,5,5,0,2,4,1,5,1,1,5,0,115,,neutral or dissatisfied
140,141,Female,Loyal Customer,38,Business travel,Business,3844,5,4,5,5,1,3,3,1,0,4,5,0,3,3,66,88.0,satisfied
141,142,Male,Loyal Customer,34,Business travel,Business,2856,2,4,3,0,4,5,3,1,0,2,3,4,3,4,12,38.0,satisfied
142,143,Female,Loyal Customer,39,Personal Travel,Eco Plus,1744,3,1,5,5,4,5,5,4,3,2,4,4,0,3,91,101.0,satisfied
143,144,Female,Loyal Customer,65,Business travel,Eco Plus,4471,1,1,4,3,2,2,2,3,4,0,3,1,5,4,245,248.0,neutral or dissatisfied
144,145,Female,Loyal Customer,54,Business travel,Business,3244,3,3,0,2,5,2,3,1,1,3,3,2,2,1,266,,neutral or dissatisfied
145,146,Male,disloyal Customer,32,Business travel,Eco,342,5,0,0,4,1,2,1,2,5,0,5,3,1,3,138,,satisfied
146,147,Male,Loyal Customer,52,Personal Travel,Eco,4185,2,2,3,5,0,2,4,1,3,0,4,5,0,2,243,,neutral or dissatisfied
147,148,Male,Loyal Customer,45,Personal Travel,Eco,270,1,1,0,0,4,1,0,5,1,2,3,1,4,5,272,278.0,neutral or dissatisfied
148,149,Male,disloyal Customer,24,Business travel,Eco,752,3,5,4,3,0,2,2,4,4,4,1,1,4,2,190,206.0,satisfied
149,150,Female,Loyal Customer,49,Personal Travel,Eco,3612,4,1,4,5,1,1,0,0,5,2,2,5,1,5,96,111.0,neutral or dissatisfied
150,151,Male,Loyal Customer,28,Business travel,Eco Plus,1599,5,0,4,0,4,1,4,1,1,5,2,3,1,3,204,231.0,neutral or dissatisfied
151,152,Male,Loyal Customer,27,Personal Travel,Eco,2199,5,0,1,2,4,4,2,3,2,2,5,1,1,3,136,147.0,satisfied
152,153,Male,Loyal Customer,26,Personal Travel,Business,2258,4,4,4,1,5,1,4,2,3,2,4,0,3,5,76,99.0,satisfied
153,154,Male,disloyal Customer,31,Personal Travel,Eco,2072,3,2,4,5,0,1,3,2,0,0,4,3,1,0,36,40.0,neutral or dissatisfied
154,155,Male,Loyal Customer,30,Business travel,Business,4025,5,0,1,3,5,2,3,0,1,3,2,0,4,3,285,297.0,satisfied
155,156,Female,Loyal Customer,74,Personal Travel,Eco,2358,1,1,5,0,3,1,3,5,5,0,1,4,1,0,134,141.0,neutral or dissatisfied
156,157,Male,Loyal Customer,42,Personal Travel,Business,4139,3,1,2,0,0,3,4,0,5,1,2,5,5,0,141,162.0,neutral or dissatisfied
157,158,Female,Loyal Customer,19,Business travel,Business,2135,3,3,0,5,0,2,4,5,3,2,2,3,2,5,253,257.0,satisfied
158,159,Male,Loyal Customer,52,Personal Travel,Business,3371,2,0,4,0,3,0,4,1,3,2,4,3,4,0,47,73.0,neutral or dissatisfied
159,160,Female,Loyal Customer,24,Business travel,Business,957,5,5,0,1,1,2,0,4,5,1,3,2,2,0,254,251.0,satisfied
160,161,Male,Loyal Customer,38,Personal Travel,Eco,3923,5,4,3,0,1,1,4,3,5,2,1,2,4,1,133,149.0,satisfied
161,162,Male,disloyal Customer,35,Business travel,Eco,1149,4,2,0,4,4,3,3,2,5,2,4,5,0,2,289,310.0,satisfied
162,163,Female,Loyal Customer,20,Personal Travel,Eco Plus,4090,2,5,5,4,2,2,1,0,1,5,2,3,5,0,207,204.0,neutral or dissatisfied
163,164,Female,Loyal Customer,59,Business travel,Business,398,2,4,1,0,5,3,4,3,5,2,3,4,4,2,100,127.0,satisfied
164,165,Female,Loyal Customer,71,Business travel,Business,1023,5,1,0,5,2,0,1,5,0,1,1,1,5,0,45,,neutral or dissatisfied
165,166,Male,Loyal Customer,56,Business travel,Business,4332,3,5,0,4,4,5,3,4,5,0,5,5,4,2,69,74.0,satisfied
166,167,Female,Loyal Customer,58,Business travel,Business,4406,2,4,0,3,2,0,4,2,0,2,1,5,2,3,135,139.0,neutral or dissatisfied
167,168,Male,Loyal Customer,66,Business travel,Eco,2899,4,1,2,4,0,5,0,2,1,3,1,2,2,3,279,,neutral or dissatisfied
168,169,Male,Loyal Customer,28,Business travel,Business,4975,2,1,2,0,0,4,0,5,3,1,2,4,4,2,66,67.0,satisfied
169,170,Female,Loyal Customer,56,Business travel,Business,4162,4,1,3,5,3,5,1,4,0,4,2,5,4,0,3,12.0,satisfied
170,171,Female,Loyal Customer,41,Business travel,Business,4145,2,1,1,2,3,4,5,2,1,5,5,4,3,1,223,243.0,satisfied
171,172,Male,disloyal Customer,63,Business travel,Business,1902,4,1,0,5,4,2,0,4,5,1,5,5,5,2,0,5.0,satisfied
172,173,Male,Loyal Customer,36,Personal Travel,Eco Plus,2813,2,3,0,5,4,4,0,2,1,0,5,2,5,4,289,310.0,neutral or dissatisfied
173,174,Female,Loyal Customer,21,Business travel,Eco,4606,2,5,0,5,4,3,0,1,5,1,4,1,5,1,108,109.0,neutral or dissatisfied
174,175,Female,Loyal Customer,43,Personal Travel,Business,2953,1,4,0,3,0,4,3,5,1,4,4,2,5,4,264,259.0,satisfied
175,176,Female,disloyal Customer,55,Personal Travel,Business,2757,4,3,2,1,2,3,0,4,3,5,2,5,0,2,62,66.0,satisfied
176,177,Male,Loyal Customer,59,Personal Travel,Business,4622,4,3,5,0,5,5,2,3,0,3,2,4,0,0,265,,neutral or dissatisfied
177,178,Male,Loyal Customer,49,Business travel,Business,3446,4,0,5,1,4,5,4,1,3,4,5,0,1,4,137,146.0,satisfied
178,179,Male,disloyal Customer,56,Personal Travel,Business,1571,0,0,3,2,4,5,0,3,2,1,4,2,4,2,43,67.0,neutral or dissatisfied
179,180,Male,disloyal Customer,62,Business travel,Eco,3049,2,0,4,1,0,4,5,5,5,4,3,4,4,1,261,285.0,satisfied
180,181,Male,disloyal Customer,63,Business travel,Eco,1041,4,2,1,0,5,5,5,2,0,1,4,2,4,0,215,,neutral or dissatisfied
181,182,Male,Loyal Customer,53,Business travel,Eco Plus,2007,5,0,5,0,0,4,0,3,3,3,2,5,4,4,120,138.0,satisfied
182,183,Female,Loyal Customer,57,Personal Travel,Eco Plus,4937,0,4,0,2,5,4,0,1,0,3,4,4,5,2,151,164.0,neutral or dissatisfied
183,184,Male,Loyal Customer,54,Business travel,Eco Plus,1343,1,3,5,0,0,1,2,4,2,0,2,1,5,0,212,209.0,neutral or dissatisfied
184,185,Male,disloyal Customer,50,Business travel,Eco Plus,4523,4,4,3,2,2,1,0,0,4,3,5,4,0,0,233,242.0,neutral or dissatisfied
185,186,Male,Loyal Customer,53,Personal Travel,Eco,1566,4,5,4,2,4,4,0,3,5,2,5,3,2,3,110,,satisfied
186,187,Female,Loyal Customer,20,Personal Travel,Eco,4057,0,0,5,0,1,3,4,0,5,4,5,0,3,0,221,233.0,neutral or dissatisfied
187,188,Male,Loyal Customer,26,Business travel,Business,2066,2,2,3,4,1,2,5,5,1,4,3,5,5,2,225,238.0,satisfied
188,189,Male,disloyal Customer,25,Business travel,Eco Plus,475,5,5,2,2,4,0,2,3,5,1,3,4,5,1,209,233.0,neutral or dissatisfied
189,190,Female,Loyal Customer,50,Personal Travel,Eco Plus,362,1,2,4,0,4,1,5,3,5,3,2,5,5,5,70,77.0,satisfied
190,191,Male,Loyal Customer,23,Business travel,Eco,4462,4,5,3,4,4,4,2,4,3,0,1,2,2,3,88,,satisfied
191,192,Male,Loyal Customer,58,Business travel,Eco,3488,2,3,5,2,4,0,5,2,5,0,3,2,2,2,261,289.0,neutral or dissatisfied
192,193,Male,Loyal Customer,56,Business travel,Eco Plus,3495,5,4,2,4,5,1,0,1,5,0,2,4,0,2,187,193.0,neutral or dissatisfied
193,194,Male,Loyal Customer,21,Personal Travel,Business,2044,5,1,3,3,2,2,5,1,2,5,4,3,5,2,111,,satisfied
194,195,Male,Loyal Customer,30,Personal Travel,Eco,1993,1,4,3,5,1,3,5,1,2,2,5,4,3,4,238,236.0,neutral or dissatisfied
195,196,Female,Loyal Customer,66,Personal Travel,Business,3734,3,0,5,3,3,4,2,5,0,3,5,1,4,4,255,263.0,satisfied
196,197,Female,Loyal Customer,19,Personal Travel,Business,1752,5,1,4,4,1,2,1,2,0,0,5,3,5,1,149,,neutral or dissatisfied
197,198,Female,Loyal Customer,22,Business travel,Business,4241,3,2,2,2,1,1,2,0,5,2,2,5,0,2,126,123.0,neutral or dissatisfied
198,199,Male,Loyal Customer,61,Business travel,Eco,3992,5,3,0,0,0,4,2,1,5,4,5,4,0,4,273,290.0,satisfied
199,200,Male,Loyal Customer,44,Business travel,Business,699,1,3,1,1,4,0,2,0,1,1,3,5,3,4,138,,neutral or dissatisfied
200,201,Male,Loyal Customer,49,Business travel,Business,4915,0,2,4,0,4,5,3,2,0,3,4,0,1,4,102,105.0,satisfied
201,202,Female,Loyal Customer,38,Business travel,Eco,2012,1,0,2,1,4,3,3,5,3,3,5,3,0,1,241,256.0,neutral or dissatisfied
202,203,Male,Loyal Customer,25,Personal Travel,Business,1392,1,2,3,1,0,1,3,2,5,5,2,4,2,1,116,118.0,neutral or dissatisfied
203,204,Male,Loyal Customer,55,Personal Travel,Eco Plus,700,0,5,2,2,2,3,2,4,3,4,4,0,2,2,213,224.0,neutral or dissatisfied
204,205,Female,Loyal Customer,25,Personal Travel,Eco Plus,480,0,0,1,4,2,4,1,1,5,3,5,4,4,3,16,26.0,neutral or dissatisfied
205,206,Male,disloyal Customer,67,Business travel,Business,4313,2,1,5,0,3,5,2,5,3,5,1,1,0,2,178,188.0,satisfied
206,207,Female,Loyal Customer,20,Personal Travel,Eco,3737,5,2,1,4,2,2,0,4,4,5,5,2,4,4,223,245.0,satisfied
207,208,Female,disloyal Customer,71,Personal Travel,Business,2263,2,0,0,3,2,3,1,1,3,5,3,5,0,5,269,,neutral or dissatisfied
208,209,Female,Loyal Customer,61,Business travel,Eco Plus,4455,0,1,0,2,4,0,3,2,0,3,4,4,3,4,133,141.0,neutral or dissatisfied
209,210,Male,Loyal Customer,20,Personal Travel,Eco Plus,1198,3,2,1,2,5,1,5,2,5,3,3,3,5,0,113,127.0,neutral or dissatisfied
210,211,Male,disloyal Customer,39,Business travel,Eco,465,3,3,4,3,1,0,5,3,0,3,1,4,0,5,131,159.0,neutral or dissatisfied
211,212,Male,Loyal Customer,23,Business travel,Eco,2670,1,2,4,0,2,3,4,3,3,2,1,4,1,5,138,,satisfied
212,213,Male,Loyal Customer,19,Business travel,Business,3519,4,4,3,5,2,5,1,2,2,5,3,4,2,2,231,,satisfied
213,214,Male,Loyal Customer,40,Business travel,Business,2576,1,2,0,3,0,2,3,2,2,2,4,4,3,4,91,95.0,satisfied
214,215,Male,Loyal Customer,61,Business travel,Eco,890,1,4,3,0,3,2,1,0,2,1,1,3,5,4,266,280.0,neutral or dissatisfied
215,216,Male,disloyal Customer,19,Personal Travel,Eco Plus,3669,4,1,0,1,5,0,1,0,5,3,1,3,5,3,98,,neutral or dissatisfied
216,217,Female,disloyal Customer,55,Personal Travel,Eco,846,5,2,1,2,0,4,5,4,1,4,5,4,2,0,206,227.0,satisfied
217,218,Male,disloyal Customer,34,Personal Travel,Eco,412,0,1,4,0,4,4,2,3,4,0,2,2,5,2,7,33.0,neutral or dissatisfied
218,219,Female,Loyal Customer,52,Personal Travel,Eco,4733,3,1,4,4,1,5,0,3,3,1,1,4,4,1,92,96.0,neutral or dissatisfied
219,220,Male,disloyal Customer,51,Business travel,Eco Plus,1020,1,0,1,4,3,2,4,2,1,0,4,5,3,2,157,168.0,neutral or dissatisfied
220,221,Male,disloyal Customer,40,Personal Travel,Business,1177,4,1,3,2,0,0,3,2,2,0,4,5,1,5,98,125.0,satisfied
221,222,Male,Loyal Customer,47,Business travel,Eco,2929,2,1,3,3,2,0,1,4,3,3,5,3,2,2,224,224.0,neutral or dissatisfied
222,223,Female,Loyal Customer,69,Business travel,Eco Plus,2481,1,2,2,5,2,0,4,5,1,4,4,5,0,3,207,219.0,neutral or dissatisfied
223,224,Female,disloyal Customer,25,Business travel,Business,3718,3,2,0,3,3,3,1,5,0,0,5,5,0,2,72,,satisfied
224,225,Female,Loyal Customer,39,Business travel,Eco,897,0,3,3,0,2,5,5,5,2,5,1,1,0,3,58,60.0,satisfied
225,226,Female,disloyal Customer,61,Business travel,Eco,4543,1,0,1,3,0,4,0,3,1,0,1,4,3,5,286,305.0,neutral or dissatisfied
226,227,Male,Loyal Customer,53,Business travel,Eco Plus,372,1,1,3,2,0,4,5,0,5,1,1,4,1,3,63,88.0,satisfied
227,228,Female,disloyal Customer,22,Business travel,Business,3110,5,0,4,0,2,3,4,5,0,4,1,4,5,4,255,253.0,satisfied
228,229,Male,Loyal Customer,30,Personal Travel,Business,4915,4,4,0,1,2,1,3,1,2,4,2,4,1,1,47,61.0,neutral or dissatisfied
229,230,Male,Loyal Customer,46,Business travel,Eco,1873,2,1,5,3,4,3,1,4,4,0,2,0,1,5,278,300.0,satisfied
230,231,Female,Loyal Customer,48,Business travel,Eco,2647,2,0,2,3,1,5,0,5,2,4,1,4,2,3,197,192.0,satisfied
231,232,Female,disloyal Customer,64,Business travel,Business,3264,0,3,0,5,3,0,5,1,5,1,4,3,3,0,157,174.0,neutral or dissatisfied
232,233,Female,Loyal Customer,74,Personal Travel,Business,4880,3,3,4,0,0,3,4,5,4,1,5,3,0,5,6,13.0,satisfied
233,234,Female,Loyal Customer,72,Business travel,Eco,4817,0,1,4,4,3,0,5,0,4,1,3,0,2,0,247,257.0,neutral or dissatisfied
234,235,Female,Loyal Customer,33,Business travel,Business,1046,1,4,4,3,4,5,1,0,4,5,5,4,5,1,231,251.0,neutral or dissatisfied
235,236,Female,disloyal Customer,59,Business travel,Eco Plus,2765,1,3,4,2,0,5,1,5,3,3,3,2,1,3,105,130.0,satisfied
236,237,Female,Loyal Customer,47,Business travel,Eco,606,2,3,1,3,4,2,3,1,3,0,3,4,0,5,97,92.0,neutral or dissatisfied
237,238,Female,disloyal Customer,74,Business travel,Business,343,3,4,2,5,4,0,0,4,4,4,1,3,3,5,267,278.0,satisfied
238,239,Male,Loyal Customer,72,Business travel,Eco,605,4,0,5,1,5,4,2,1,0,1,3,1,4,1,59,,neutral or dissatisfied
239,240,Female,Loyal Customer,33,Business travel,Business,4617,3,3,4,5,2,3,5,4,4,0,1,5,1,4,139,143.0,satisfied
240,241,Female,Loyal Customer,29,Business travel,Business,3258,1,2,4,3,5,5,1,5,1,0,2,1,1,0,189,214.0,neutral or dissatisfied
241,242,Male,Loyal Customer,34,Business travel,Eco,3690,4,5,3,4,3,0,4,4,4,3,4,2,1,5,124,128.0,satisfied
242,243,Female,disloyal Customer,33,Personal Travel,Eco Plus,1972,3,5,2,3,3,1,5,2,3,5,3,4,1,2,162,190.0,neutral or dissatisfied
243,244,Male,Loyal Customer,29,Business travel,Eco,3893,3,3,0,0,2,2,3,3,3,4,4,0,0,0,59,59.0,neutral or dissatisfied
244,245,Male,Loyal Customer,25,Business travel,Eco Plus,1292,4,0,2,3,5,1,3,3,1,5,1,4,3,3,30,,satisfied
245,246,Female,disloyal Customer,37,Business travel,Business,4525,1,0,2,4,3,5,1,0,1,4,3,2,2,1,75,97.0,neutral or dissatisfied
246,247,Male,Loyal Customer,20,Personal Travel,Business,4845,3,1,5,0,5,1,1,2,2,1,5,2,0,0,242,,neutral or dissatisfied
247,248,Male,Loyal Customer,33,Business travel,Business,1564,4,2,2,2,2,1,1,3,0,1,2,5,3,2,257,263.0,neutral or dissatisfied
248,249,Male,disloyal Customer,47,Business travel,Business,490,5,0,5,0,0,2,2,5,0,0,2,2,2,2,189,185.0,satisfied
249,250,Male,Loyal Customer,62,Personal Travel,Business,4576,5,4,4,5,4,2,1,4,0,4,3,1,1,1,295,297.0,neutral or dissatisfied
250,251,Female,Loyal Customer,40,Business travel,Business,3477,1,2,4,1,4,2,5,4,5,4,2,5,3,1,176,,satisfied
251,252,Male,disloyal Customer,45,Business travel,Eco Plus,4937,4,5,1,5,5,2,5,1,3,5,5,4,1,0,287,289.0,neutral or dissatisfied
252,253,Female,Loyal Customer,68,Business travel,Eco,772,5,2,5,0,3,1,0,1,0,1,4,4,3,3,293,290.0,neutral or dissatisfied
253,254,Male,Loyal Customer,57,Personal Travel,Eco,2660,4,4,5,2,5,4,4,4,2,2,5,0,5,4,206,209.0,satisfied
254,255,Male,Loyal Customer,71,Business travel,Eco,1311,3,3,0,3,5,4,1,5,2,0,2,2,4,2,214,221.0,satisfied
255,256,Male,disloyal Customer,22,Personal Travel,Business,1029,1,4,3,0,1,2,5,4,0,4,4,2,1,1,140,143.0,neutral or dissatisfied
256,257,Male,Loyal Customer,37,Personal Travel,Business,1639,5,4,2,5,4,3,5,1,1,3,5,3,1,4,84,109.0,satisfied
257,258,Female,Loyal Customer,57,Business travel,Eco,1012,3,3,0,0,2,0,5,3,2,3,1,5,1,4,181,,satisfied
258,259,Female,disloyal Customer,73,Business travel,Eco Plus,743,0,3,5,0,5,5,2,0,1,2,1,3,5,4,127,129.0,neutral or dissatisfied
259,260,Male,disloyal Customer,61,Business travel,Business,4622,0,3,0,0,1,3,4,1,3,1,4,5,0,3,268,,satisfied
260,261,Male,Loyal Customer,18,Business travel,Eco,601,1,3,1,2,1,5,3,5,5,1,4,1,2,1,38,63.0,satisfied
261,262,Female,Loyal Customer,74,Business travel,Eco,829,5,3,3,4,4,3,5,3,2,1,4,5,1,2,22,33.0,satisfied
262,263,Male,Loyal Customer,47,Personal Travel,Eco Plus,1383,5,4,5,4,4,3,1,3,1,5,1,4,1,1,241,,neutral or dissatisfied
263,264,Male,disloyal Customer,38,Personal Travel,Business,2218,5,1,5,0,4,4,5,3,0,3,5,0,0,0,106,103.0,satisfied
264,265,Male,Loyal Customer,37,Personal Travel,Eco,4652,4,1,2,2,2,0,4,2,3,1,4,5,0,2,141,165.0,neutral or dissatisfied
265,266,Female,Loyal Customer,23,Business travel,Eco Plus,4486,3,0,3,2,1,3,3,2,4,3,1,5,4,1,144,148.0,neutral or dissatisfied
266,267,Female,disloyal Customer,39,Personal Travel,Eco,3936,5,1,1,0,3,2,2,3,4,2,4,5,3,2,279,302.0,neutral or dissatisfied
267,268,Female,disloyal Customer,35,Personal Travel,Eco,1019,3,5,4,5,2,5,0,5,0,0,4,0,1,0,244,256.0,neutral or dissatisfied
268,269,Male,Loyal Customer,25,Personal Travel,Eco,4150,1,1,0,5,0,4,1,4,3,5,4,2,3,5,190,196.0,neutral or dissatisfied
269,270,Male,disloyal Customer,56,Business travel,Eco Plus,2439,5,4,2,1,5,5,0,5,3,4,1,0,0,2,289,306.0,satisfied
270,271,Female,Loyal Customer,49,Personal Travel,Business,855,1,3,5,0,4,2,2,2,3,2,5,2,0,5,178,183.0,neutral or dissatisfied
271,272,Female,disloyal Customer,50,Business travel,Eco,1969,5,3,4,1,1,2,4,1,3,3,1,4,4,4,111,114.0,satisfied
272,273,Female,Loyal Customer,70,Business travel,Eco,4572,0,4,1,5,5,3,4,2,4,2,1,0,2,3,213,231.0,neutral or dissatisfied
273,274,Female,Loyal Customer,33,Business travel,Eco,607,2,5,3,5,2,2,2,4,1,4,4,2,5,0,137,156.0,neutral or dissatisfied
274,275,Male,disloyal Customer,29,Personal Travel,Business,1536,1,1,0,0,0,0,5,0,3,5,3,4,5,2,199,218.0,neutral or dissatisfied
275,276,Female,Loyal Customer,55,Personal Travel,Business,2675,5,4,2,1,2,2,2,2,1,0,3,4,5,0,6,,neutral or dissatisfied
276,277,Male,Loyal Customer,69,Business travel,Eco,3526,2,0,5,1,2,3,1,5,3,4,3,2,0,4,12,18.0,satisfied
277,278,Female,disloyal Customer,51,Business travel,Eco,658,1,3,5,0,3,5,3,5,2,5,1,2,1,5,79,84.0,satisfied
278,279,Male,disloyal Customer,31,Business travel,Eco,3202,4,2,4,1,5,2,0,3,5,3,4,1,4,3,285,307.0,satisfied
279,280,Female,Loyal Customer,53,Business travel,Eco,4616,5,0,4,3,3,4,0,3,2,4,3,4,2,0,158,160.0,neutral or dissatisfied
280,281,Female,Loyal Customer,50,Business travel,Eco Plus,3722,4,5,0,5,2,4,4,3,5,2,2,2,5,5,271,275.0,satisfied
281,282,Female,Loyal Customer,40,Business travel,Eco,4499,0,0,3,4,0,4,5,0,2,1,2,4,4,4,200,219.0,neutral or dissatisfied
282,283,Female,Loyal Customer,67,Personal Travel,Eco,4157,5,4,1,2,1,5,4,4,3,2,2,0,0,4,149,,satisfied
283,284,Male,Loyal Customer,62,Business travel,Eco Plus,3815,0,1,3,1,1,1,1,1,1,3,5,3,5,4,295,297.0,neutral or dissatisfied
284,285,Female,Loyal Customer,19,Business travel,Eco,1401,2,3,3,1,5,4,2,5,5,0,4,3,2,5,292,289.0,satisfied
285,286,Male,disloyal Customer,58,Business travel,Business,2255,1,5,3,2,4,4,0,5,4,4,1,5,3,2,271,283.0,satisfied
286,287,Male,Loyal Customer,38,Personal Travel,Eco Plus,792,3,5,0,1,4,1,1,4,0,0,1,2,2,1,42,71.0,neutral or dissatisfied
287,288,Male,Loyal Customer,19,Personal Travel,Eco,4450,0,2,0,2,1,5,4,0,5,3,4,2,1,0,14,25.0,neutral or dissatisfied
288,289,Male,Loyal Customer,44,Personal Travel,Business,1578,3,0,1,0,2,4,4,3,5,4,5,4,5,1,247,269.0,satisfied
289,290,Female,disloyal Customer,74,Business travel,Business,356,3,2,3,3,2,3,0,4,4,5,4,5,5,4,171,,satisfied
290,291,Male,Loyal Customer,26,Business travel,Business,2530,1,1,0,3,3,5,4,1,3,5,5,2,3,1,217,230.0,satisfied
291,292,Male,Loyal Customer,18,Business travel,Business,541,2,1,1,5,5,4,5,3,2,2,3,4,3,5,136,152.0,satisfied
292,293,Male,Loyal Customer,28,Personal Travel,Business,1981,1,2,5,4,3,4,4,1,2,2,3,2,5,4,226,226.0,satisfied
293,294,Female,Loyal Customer,20,Personal Travel,Eco Plus,2746,5,3,1,1,4,1,3,2,1,3,5,4,1,4,43,44.0,neutral or dissatisfied
294,295,Female,Loyal Customer,69,Personal Travel,Eco,3920,0,1,3,4,1,3,2,1,3,5,4,2,3,3,19,22.0,neutral or dissatisfied
295,296,Female,disloyal Customer,40,Personal Travel,Eco Plus,4777,3,2,2,0,2,5,4,3,4,4,3,1,0,3,118,132.0,satisfied
296,297,Female,disloyal Customer,43,Personal Travel,Business,1835,1,0,3,3,1,2,3,2,3,5,4,4,5,5,233,238.0,satisfied
297,298,Male,Loyal Customer,21,Business travel,Business,3835,1,2,2,0,0,0,1,3,3,2,3,1,2,5,261,257.0,neutral or dissatisfied
298,299,Male,Loyal Customer,35,Personal Travel,Eco,2745,1,2,1,0,1,3,4,5,2,3,4,1,2,1,82,98.0,neutral or dissatisfied
299,300,Female,disloyal Customer,72,Business travel,Business,118,0,4,5,1,0,2,5,3,4,5,4,1,1,0,30,29.0,satisfied
300,301,Male,disloyal Customer,23,Business travel,Eco,1224,2,1,5,0,3,3,1,2,0,3,2,1,0,1,273,,neutral or dissatisfied
301,302,Male,Loyal Customer,52,Business travel,Eco,4085,1,3,0,3,3,2,4,1,5,5,5,0,3,5,233,233.0,satisfied
302,303,Male,Loyal Customer,39,Business travel,Eco,2754,0,3,5,4,4,2,0,5,2,0,1,5,5,0,27,43.0,neutral or dissatisfied
303,304,Female,Loyal Customer,60,Business travel,Business,2180,3,4,4,3,1,3,3,0,4,5,5,3,2,1,251,255.0,satisfied
304,305,Female,Loyal Customer,32,Business travel,Eco,1647,5,5,1,1,1,1,3,0,1,2,4,0,2,2,252,,neutral or dissatisfied
305,306,Male,disloyal Customer,39,Business travel,Business,961,4,3,0,3,0,3,0,0,5,4,4,2,2,2,238,260.0,satisfied
306,307,Female,disloyal Customer,54,Business travel,Eco,254,0,2,5,2,3,3,2,0,5,2,5,2,2,0,174,,neutral or dissatisfied
307,308,Female,disloyal Customer,69,Business travel,Eco,3594,4,4,1,4,0,2,5,4,2,2,4,5,4,3,193,222.0,satisfied
308,309,Female,Loyal Customer,59,Business travel,Business,1004,1,0,3,2,3,0,3,0,1,2,3,3,1,0,179,174.0,neutral or dissatisfied
309,310,Female,Loyal Customer,29,Business travel,Business,1369,1,1,5,2,0,2,1,2,2,3,4,3,3,1,294,317.0,neutral or dissatisfied
310,311,Female,disloyal Customer,64,Business travel,Business,504,0,1,2,5,3,4,5,0,3,1,5,3,5,4,214,217.0,satisfied
311,312,Male,disloyal Customer,66,Personal Travel,Eco,943,4,1,1,1,0,3,3,3,4,1,5,1,5,2,202,205.0,satisfied
312,313,Female,Loyal Customer,59,Personal Travel,Business,1882,1,2,0,0,3,5,2,0,1,0,5,0,5,4,249,265.0,neutral or dissatisfied
313,314,Male,disloyal Customer,55,Personal Travel,Eco Plus,1664,3,0,3,2,5,3,1,1,5,2,2,2,3,2,256,252.0,neutral or dissatisfied
314,315,Male,disloyal Customer,35,Personal Travel,Business,1284,2,4,4,3,0,1,5,2,2,1,2,0,1,1,74,84.0,neutral or dissatisfied
315,316,Female,Loyal Customer,62,Business travel,Eco,846,2,4,3,0,1,5,1,2,5,0,2,0,0,2,201,,satisfied
316,317,Male,Loyal Customer,52,Personal Travel,Eco,1825,1,1,5,3,4,2,0,5,1,3,2,0,1,0,141,148.0,neutral or dissatisfied
317,318,Male,Loyal Customer,47,Business travel,Eco,3288,4,0,2,3,5,1,4,4,5,2,2,3,2,4,205,232.0,satisfied
318,319,Male,Loyal Customer,41,Business travel,Eco,370,5,0,3,0,5,3,0,3,2,4,2,5,2,5,198,211.0,satisfied
319,320,Female,Loyal Customer,59,Personal Travel,Business,4965,1,0,4,0,0,2,5,2,2,3,2,5,1,4,170,179.0,satisfied
320,321,Female,disloyal Customer,47,Business travel,Business,4056,5,3,0,3,4,2,4,1,0,0,5,3,1,1,227,254.0,neutral or dissatisfied
321,322,Male,Loyal Customer,31,Personal Travel,Eco,271,5,3,1,1,1,4,0,0,5,3,1,2,3,5,178,182.0,satisfied
322,323,Female,Loyal Customer,23,Personal Travel,Business,373,4,1,2,4,5,4,4,2,0,4,2,2,3,4,274,269.0,satisfied
323,324,Female,Loyal Customer,20,Personal Travel,Eco Plus,2406,5,0,4,5,1,0,3,1,0,3,5,2,4,1,61,67.0,neutral or dissatisfied
324,325,Female,Loyal Customer,33,Personal Travel,Business,1258,3,5,5,4,3,4,1,0,5,0,1,5,5,3,203,,satisfied
325,326,Female,disloyal Customer,24,Business travel,Business,1806,4,0,5,1,4,5,4,4,1,4,2,5,4,0,132,143.0,satisfied
326,327,Male,Loyal Customer,69,Business travel,Business,1871,1,4,5,5,2,2,3,2,3,4,1,0,5,2,71,69.0,neutral or dissatisfied
327,328,Male,Loyal Customer,31,Business travel,Eco,521,3,4,2,0,3,4,2,2,2,3,1,3,2,2,77,100.0,neutral or dissatisfied
328,329,Female,disloyal Customer,26,Business travel,Business,1309,0,1,3,5,4,0,0,1,4,4,3,1,4,2,188,189.0,neutral or dissatisfied
329,330,Female,Loyal Customer,32,Personal Travel,Eco Plus,4775,2,5,2,3,0,3,2,5,0,3,4,0,4,3,70,77.0,neutral or dissatisfied
330,331,Male,Loyal Customer,38,Personal Travel,Business,990,1,0,5,4,0,5,5,3,1,2,3,4,0,0,262,261.0,neutral or dissatisfied
331,332,Male,Loyal Customer,52,Personal Travel,Eco,4917,1,5,4,5,1,4,3,4,5,4,1,5,1,4,45,45.0,satisfied
332,333,Female,Loyal Customer,19,Business travel,Business,3367,1,1,1,3,5,2,2,3,1,3,5,0,3,4,223,251.0,neutral or dissatisfied
333,334,Male,Loyal Customer,44,Business travel,Eco,1573,3,4,1,1,2,3,2,2,1,2,2,3,4,0,249,,neutral or dissatisfied
334,335,Female,Loyal Customer,19,Business travel,Eco,3343,0,4,2,5,0,2,3,3,5,4,4,4,3,5,75,97.0,satisfied
335,336,Female,Loyal Customer,52,Business travel,Business,4578,4,3,5,3,4,3,1,0,4,2,2,0,5,0,73,77.0,neutral or dissatisfied
336,337,Male,disloyal Customer,35,Personal Travel,Eco,2281,0,1,0,1,5,5,4,4,5,5,5,3,4,2,141,139.0,satisfied
337,338,Male,Loyal Customer,31,Business travel,Eco,1549,3,1,2,0,5,2,5,3,4,4,4,3,5,4,72,69.0,satisfied
338,339,Female,Loyal Customer,37,Business travel,Eco,3196,1,0,5,1,4,4,5,0,5,5,3,5,4,0,101,,neutral or dissatisfied
339,340,Female,Loyal Customer,35,Business travel,Eco,3356,2,0,3,1,5,4,0,1,0,0,1,1,2,4,93,,neutral or dissatisfied
340,341,Male,Loyal Customer,27,Personal Travel,Business,3256,1,3,1,4,0,0,4,3,4,0,5,0,0,0,68,89.0,neutral or dissatisfied
341,342,Female,Loyal Customer,42,Personal Travel,Eco Plus,1690,4,2,1,3,4,3,0,4,0,3,1,3,5,1,64,72.0,neutral or dissatisfied
342,343,Male,Loyal Customer,19,Business travel,Business,4339,5,5,1,5,4,0,5,0,4,1,1,2,1,2,192,218.0,satisfied
343,344,Female,disloyal Customer,42,Business travel,Business,4081,2,2,0,4,1,1,4,3,4,5,2,3,1,0,61,78.0,satisfied
344,345,Male,Loyal Customer,71,Business travel,Eco,1535,1,2,5,2,2,4,2,1,5,5,5,1,2,3,19,16.0,satisfied
345,346,Male,Loyal Customer,50,Business travel,Business,323,2,1,5,1,1,3,1,3,4,0,1,3,2,0,240,269.0,neutral or dissatisfied
346,347,Male,Loyal Customer,53,Personal Travel,Eco,319,5,5,5,2,2,5,2,0,0,5,3,5,1,1,202,209.0,neutral or dissatisfied
347,348,Female,disloyal Customer,48,Personal Travel,Eco,4374,0,1,5,4,4,0,1,3,5,1,4,0,5,3,299,327.0,neutral or dissatisfied
348,349,Female,Loyal Customer,31,Business travel,Eco,1754,3,5,0,3,5,5,3,4,2,2,5,5,1,3,194,212.0,satisfied
349,350,Male,Loyal Customer,18,Business travel,Eco,4628,1,4,4,4,2,5,0,2,0,2,2,0,0,0,61,56.0,neutral or dissatisfied
350,351,Female,Loyal Customer,63,Personal Travel,Business,364,4,1,2,3,4,5,0,0,2,1,5,4,4,1,106,,neutral or dissatisfied
351,352,Male,disloyal Customer,33,Business travel,Business,1053,0,1,2,3,4,0,3,0,1,5,2,0,0,3,124,126.0,neutral or dissatisfied
352,353,Male,Loyal Customer,71,Personal Travel,Eco Plus,4624,1,1,5,0,1,1,4,0,5,5,4,4,1,2,266,279.0,neutral or dissatisfied
353,354,Female,disloyal Customer,63,Business travel,Business,3833,0,3,3,1,1,0,3,0,1,5,3,5,4,5,201,204.0,neutral or dissatisfied
354,355,Female,Loyal Customer,69,Business travel,Business,2874,4,1,1,4,5,2,5,3,5,3,1,2,1,2,161,183.0,satisfied
355,356,Male,Loyal Customer,20,Business travel,Business,3224,1,0,0,3,3,4,3,4,5,4,5,1,0,4,111,119.0,satisfied
356,357,Female,Loyal Customer,52,Business travel,Eco,579,5,0,3,4,0,0,1,1,0,1,2,2,0,4,31,52.0,neutral or dissatisfied
357,358,Female,Loyal Customer,58,Personal Travel,Eco Plus,3614,5,5,3,4,3,0,5,4,2,1,4,4,5,1,97,109.0,neutral or dissatisfied
358,359,Male,Loyal Customer,23,Business travel,Business,1453,4,4,5,3,3,1,3,0,5,1,1,3,5,3,246,246.0,satisfied
359,360,Male,Loyal Customer,42,Business travel,Eco,3422,2,3,0,5,5,2,0,5,2,1,4,3,0,2,260,287.0,neutral or dissatisfied
360,361,Female,disloyal Customer,30,Business travel,Business,3978,4,5,2,2,2,0,2,3,5,1,3,2,4,2,190,209.0,satisfied
361,362,Male,Loyal Customer,70,Business travel,Business,989,2,0,1,1,5,4,1,5,2,5,1,3,5,5,28,,satisfied
362,363,Male,Loyal Customer,51,Business travel,Eco,3954,1,3,2,1,5,4,1,3,1,3,1,4,5,1,47,,neutral or dissatisfied
363,364,Female,Loyal Customer,25,Business travel,Eco,1024,2,3,3,5,4,0,4,0,0,0,1,5,3,3,249,276.0,neutral or dissatisfied
364,365,Male,Loyal Customer,38,Personal Travel,Eco,2270,1,4,1,0,4,5,2,3,5,5,2,1,3,1,225,240.0,neutral or dissatisfied
365,366,Male,Loyal Customer,51,Business travel,Business,2002,1,3,4,5,4,5,1,0,3,5,1,0,5,0,271,299.0,neutral or dissatisfied
366,367,Female,Loyal Customer,21,Business travel,Eco,4973,3,1,3,0,0,2,3,4,2,4,4,4,1,2,152,,neutral or dissatisfied
367,368,Female,Loyal Customer,42,Personal Travel,Eco,2495,1,3,2,0,2,4,1,2,2,0,2,4,4,1,284,288.0,neutral or dissatisfied
368,369,Male,disloyal Customer,32,Business travel,Eco Plus,128,2,4,2,5,2,5,1,3,3,1,1,0,2,1,179,196.0,neutral or dissatisfied
369,370,Male,disloyal Customer,21,Personal Travel,Eco,134,3,5,5,1,4,4,1,0,0,0,4,0,5,5,152,148.0,neutral or dissatisfied
370,371,Female,Loyal Customer,62,Business travel,Eco,3689,3,4,2,2,3,2,4,5,2,3,4,1,3,0,233,262.0,neutral or dissatisfied
371,372,Female,Loyal Customer,29,Personal Travel,Eco Plus,2770,1,4,0,1,0,2,1,0,0,2,5,1,4,4,22,30.0,neutral or dissatisfied
372,373,Female,Loyal Customer,49,Personal Travel,Eco Plus,3465,4,0,3,1,3,5,1,5,2,5,4,1,4,2,93,,satisfied
373,374,Female,Loyal Customer,49,Personal Travel,Eco,688,4,1,1,1,1,0,4,3,4,0,3,3,3,5,244,257.0,satisfied
374,375,Male,Loyal Customer,45,Personal Travel,Eco,3318,5,0,2,5,2,3,5,1,2,4,1,4,4,1,289,299.0,neutral or dissatisfied
375,376,Female,Loyal Customer,30,Business travel,Eco Plus,3238,3,5,5,5,2,1,2,5,4,3,1,5,4,2,159,178.0,satisfied
376,377,Female,disloyal Customer,48,Personal Travel,Eco,1003,1,2,5,5,3,3,5,0,5,2,1,0,3,4,284,279.0,neutral or dissatisfied
377,378,Male,Loyal Customer,31,Business travel,Business,4186,4,5,2,1,0,3,0,3,0,3,4,4,0,1,8,4.0,neutral or dissatisfied
378,379,Female,Loyal Customer,37,Business travel,Business,2269,1,1,0,2,2,4,4,0,2,1,4,4,5,0,184,205.0,neutral or dissatisfied
379,380,Male,Loyal Customer,35,Business travel,Eco Plus,439,1,3,5,0,3,2,4,1,1,2,1,1,1,2,294,290.0,neutral or dissatisfied
380,381,Female,Loyal Customer,46,Business travel,Eco,4370,3,4,1,4,5,4,1,2,1,4,2,1,2,5,134,158.0,neutral or dissatisfied
381,382,Female,Loyal Customer,23,Business travel,Eco,1814,5,2,3,0,5,5,1,1,3,2,2,4,1,0,109,113.0,neutral or dissatisfied
382,383,Female,Loyal Customer,49,Business travel,Business,4792,3,1,4,0,0,1,0,4,1,4,3,1,0,4,68,81.0,neutral or dissatisfied
383,384,Male,Loyal Customer,46,Business travel,Eco Plus,4646,0,0,0,4,3,5,1,3,4,1,5,3,0,4,135,145.0,satisfied
384,385,Male,disloyal Customer,60,Personal Travel,Business,656,4,4,5,1,5,0,3,1,1,4,3,0,4,2,95,102.0,neutral or dissatisfied
385,386,Female,Loyal Customer,19,Personal Travel,Eco,3187,4,5,3,2,0,1,1,2,1,3,1,4,1,4,118,120.0,neutral or dissatisfied
386,387,Male,Loyal Customer,40,Business travel,Eco,3366,4,0,4,2,4,4,1,0,1,0,1,0,0,3,273,298.0,neutral or dissatisfied
387,388,Male,Loyal Customer,36,Business travel,Eco,3667,2,1,2,0,0,4,3,3,2,3,1,3,1,5,176,195.0,satisfied
388,389,Male,Loyal Customer,48,Business travel,Eco,2156,1,1,2,4,1,5,0,5,3,5,5,1,0,2,236,251.0,neutral or dissatisfied
389,390,Male,Loyal Customer,68,Business travel,Eco,3999,3,5,1,3,4,4,3,1,0,3,4,2,2,3,271,294.0,neutral or dissatisfied
390,391,Male,disloyal Customer,22,Business travel,Eco Plus,1116,4,2,4,1,3,4,4,2,3,2,5,3,0,4,276,276.0,satisfied
391,392,Male,disloyal Customer,36,Business travel,Business,2162,0,5,2,0,4,3,3,1,4,1,3,2,1,2,137,149.0,neutral or dissatisfied
392,393,Female,disloyal Customer,51,Business travel,Eco Plus,938,4,3,2,2,4,0,2,4,2,5,4,0,4,3,131,160.0,neutral or dissatisfied
393,394,Female,Loyal Customer,27,Personal Travel,Eco,1737,5,0,5,5,3,3,4,3,5,5,4,4,1,4,43,64.0,satisfied
394,395,Male,Loyal Customer,42,Business travel,Eco,4421,1,2,1,5,3,4,1,0,2,5,3,1,3,1,122,121.0,neutral or dissatisfied
395,396,Female,Loyal Customer,19,Business travel,Business,3596,1,4,3,4,5,2,4,2,1,0,4,3,1,1,135,136.0,neutral or dissatisfied
396,397,Female,Loyal Customer,28,Business travel,Eco,1913,3,3,2,4,1,3,0,1,1,4,2,1,2,0,125,129.0,neutral or dissatisfied
397,398,Female,disloyal Customer,67,Business travel,Business,3579,2,2,0,0,3,4,0,3,4,2,3,2,5,1,274,278.0,satisfied
398,399,Female,Loyal Customer,48,Business travel,Eco Plus,1551,3,0,0,3,2,4,3,1,5,1,3,2,2,3,63,85.0,satisfied
399,400,Male,Loyal Customer,73,Personal Travel,Eco,2413,4,1,3,2,2,0,4,3,2,0,2,5,2,5,295,,neutral or dissatisfied
400,401,Female,Loyal Customer,32,Business travel,Eco,1614,5,4,4,0,1,5,1,4,5,3,5,4,0,1,231,260.0,satisfied
401,402,Female,Loyal Customer,26,Business travel,Eco,1331,0,5,1,3,0,1,0,1,0,1,5,2,2,2,50,79.0,neutral or dissatisfied
402,403,Male,Loyal Customer,40,Personal Travel,Business,1745,3,0,5,4,0,3,5,4,3,5,5,4,1,2,136,,satisfied
403,404,Male,Loyal Customer,36,Personal Travel,Business,3099,2,3,0,5,2,3,1,5,2,1,4,5,5,2,157,,neutral or dissatisfied
404,405,Female,Loyal Customer,26,Personal Travel,Eco,3540,3,3,0,1,3,3,5,5,5,1,2,3,4,1,55,,satisfied
405,406,Female,disloyal Customer,52,Business travel,Eco Plus,4156,1,1,3,5,1,4,2,2,0,3,3,5,2,1,80,93.0,neutral or dissatisfied
406,407,Female,disloyal Customer,38,Personal Travel,Business,405,4,1,4,2,0,0,5,4,0,4,3,4,1,0,231,253.0,neutral or dissatisfied
407,408,Female,Loyal Customer,26,Business travel,Eco,3636,4,4,4,2,0,4,0,3,3,2,3,2,0,5,127,125.0,satisfied
408,409,Female,Loyal Customer,45,Business travel,Eco Plus,1823,4,5,3,5,4,4,3,2,0,5,4,0,0,5,125,138.0,satisfied
409,410,Female,Loyal Customer,63,Business travel,Eco,1789,4,4,0,5,2,5,2,1,4,4,4,4,4,4,79,87.0,satisfied
410,411,Male,Loyal Customer,68,Business travel,Eco,1617,4,1,1,3,3,2,4,1,0,0,5,1,4,0,174,199.0,neutral or dissatisfied
411,412,Female,Loyal Customer,24,Business travel,Business,4017,4,1,0,0,1,0,1,3,5,5,4,0,1,3,144,166.0,satisfied
412,413,Female,Loyal Customer,33,Business travel,Business,519,0,3,4,4,0,3,0,0,4,2,5,4,4,2,125,,neutral or dissatisfied
413,414,Male,Loyal Customer,33,Personal Travel,Eco,3036,2,1,5,3,4,1,2,0,0,0,5,1,4,1,181,176.0,neutral or dissatisfied
414,415,Male,Loyal Customer,50,Personal Travel,Eco,3962,4,2,0,1,2,3,2,1,1,3,3,5,0,4,218,235.0,neutral or dissatisfied
415,416,Male,Loyal Customer,21,Personal Travel,Eco,4329,2,0,1,5,2,4,0,3,0,4,4,0,1,4,277,299.0,neutral or dissatisfied
416,417,Male,Loyal Customer,21,Business travel,Eco,1550,5,1,2,1,1,0,4,0,4,5,5,4,5,1,82,,neutral or dissatisfied
417,418,Female,disloyal Customer,56,Personal Travel,Eco,3196,4,4,0,1,0,0,4,4,0,1,2,3,4,0,140,,neutral or dissatisfied
418,419,Female,disloyal Customer,57,Business travel,Eco,3361,3,5,3,3,1,0,3,1,0,2,2,5,1,4,94,113.0,neutral or dissatisfied
419,420,Female,Loyal Customer,34,Personal Travel,Eco Plus,1264,4,5,2,4,1,2,5,5,0,5,4,1,2,5,193,205.0,satisfied
420,421,Female,disloyal Customer,54,Business travel,Eco Plus,1969,1,5,3,2,5,3,4,4,4,1,3,3,0,0,109,109.0,neutral or dissatisfied
421,422,Female,Loyal Customer,56,Personal Travel,Eco Plus,1919,0,2,3,0,4,2,3,3,0,5,3,2,5,1,51,64.0,neutral or dissatisfied
422,423,Female,disloyal Customer,69,Business travel,Business,2805,3,4,3,2,2,5,5,5,3,0,5,5,0,0,102,108.0,satisfied
423,424,Male,disloyal Customer,46,Personal Travel,Eco Plus,3615,3,2,0,4,5,1,2,4,5,1,4,5,0,5,100,,satisfied
424,425,Female,Loyal Customer,69,Personal Travel,Business,1442,1,1,4,2,3,5,0,0,3,1,2,4,3,2,141,170.0,neutral or dissatisfied
425,426,Male,Loyal Customer,53,Business travel,Eco,2326,4,0,2,5,2,4,4,0,4,5,5,4,1,1,200,195.0,satisfied
426,427,Male,Loyal Customer,55,Business travel,Eco Plus,1179,0,5,1,5,2,2,3,5,1,3,5,1,2,5,198,197.0,neutral or dissatisfied
427,428,Female,Loyal Customer,56,Personal Travel,Eco Plus,4306,3,4,4,3,4,2,2,2,3,3,1,5,4,1,283,278.0,neutral or dissatisfied
428,429,Male,Loyal Customer,67,Business travel,Business,4663,0,5,0,1,3,5,4,1,5,4,4,4,2,5,216,218.0,satisfied
429,430,Female,Loyal Customer,54,Personal Travel,Business,2879,3,2,3,4,0,4,1,5,2,0,5,2,1,5,45,57.0,satisfied
430,431,Male,Loyal Customer,69,Business travel,Business,2628,4,3,1,4,3,0,2,3,5,3,2,4,0,4,27,30.0,satisfied
431,432,Female,disloyal Customer,52,Business travel,Eco Plus,913,5,1,2,2,0,4,4,1,3,5,1,5,3,4,1,0.0,satisfied
432,433,Male,disloyal Customer,24,Business travel,Business,2131,3,0,4,3,3,3,2,4,2,3,2,0,1,4,16,14.0,satisfied
433,434,Female,Loyal Customer,44,Business travel,Eco,422,5,1,5,2,1,5,0,3,4,4,3,3,5,2,76,99.0,satisfied
434,435,Female,Loyal Customer,45,Personal Travel,Eco,3069,3,3,4,2,3,4,0,3,5,2,1,5,5,2,164,159.0,neutral or dissatisfied
435,436,Female,Loyal Customer,39,Business travel,Eco,1003,2,0,1,4,5,0,0,0,1,4,1,2,1,5,96,120.0,neutral or dissatisfied
436,437,Female,Loyal Customer,31,Business travel,Eco,1641,4,3,0,2,5,4,5,4,2,1,5,5,4,3,104,99.0,satisfied
437,438,Female,disloyal Customer,24,Business travel,Business,3603,1,1,2,1,4,2,1,0,2,1,3,2,2,1,23,20.0,neutral or dissatisfied
438,439,Male,Loyal Customer,54,Business travel,Eco,2753,5,2,1,2,0,1,0,0,5,3,5,5,2,4,199,215.0,neutral or dissatisfied
439,440,Male,Loyal Customer,39,Personal Travel,Eco,2576,1,1,3,1,2,2,1,2,3,3,4,3,4,1,34,,neutral or dissatisfied
440,441,Male,Loyal Customer,22,Personal Travel,Business,3440,4,1,2,4,4,1,0,0,2,4,2,3,3,5,1,13.0,neutral or dissatisfied
441,442,Female,Loyal Customer,72,Business travel,Eco,4343,1,1,4,3,5,4,5,1,4,4,2,2,0,0,288,,neutral or dissatisfied
442,443,Male,Loyal Customer,19,Personal Travel,Business,1241,4,4,1,5,5,3,2,3,5,5,5,5,0,5,137,151.0,satisfied
443,444,Female,disloyal Customer,44,Personal Travel,Eco,949,1,3,4,1,0,4,4,0,4,0,2,3,5,2,61,86.0,neutral or dissatisfied
444,445,Female,Loyal Customer,38,Business travel,Eco,466,5,3,4,3,5,0,4,5,5,5,2,1,3,3,298,322.0,satisfied
445,446,Male,Loyal Customer,71,Personal Travel,Business,2997,2,5,4,3,5,4,0,1,4,1,4,5,4,0,196,206.0,neutral or dissatisfied
446,447,Male,Loyal Customer,55,Business travel,Eco,1189,1,3,0,1,0,1,4,4,3,5,3,3,1,1,58,54.0,neutral or dissatisfied
447,448,Female,disloyal Customer,32,Business travel,Eco,4141,5,5,4,4,5,2,0,3,5,4,1,0,2,2,264,275.0,satisfied
448,449,Male,disloyal Customer,38,Personal Travel,Eco,2138,3,4,3,0,2,3,0,5,1,5,5,0,1,4,187,191.0,neutral or dissatisfied
449,450,Female,Loyal Customer,27,Business travel,Eco Plus,2960,4,2,3,3,1,4,3,5,3,2,5,1,2,0,62,63.0,satisfied
450,451,Female,Loyal Customer,40,Personal Travel,Eco,4370,0,5,2,3,4,4,3,4,4,0,4,3,1,2,278,281.0,neutral or dissatisfied
451,452,Female,Loyal Customer,73,Personal Travel,Business,1954,0,1,5,4,2,2,3,5,5,4,4,0,4,1,29,,satisfied
452,453,Female,Loyal Customer,56,Business travel,Business,4783,4,2,4,4,2,3,1,1,3,3,1,5,4,5,170,,satisfied
453,454,Female,disloyal Customer,22,Personal Travel,Business,594,2,4,4,2,1,5,3,4,4,5,3,4,3,1,20,23.0,satisfied
454,455,Male,Loyal Customer,18,Business travel,Eco,3282,1,3,1,4,4,4,0,5,0,4,5,3,1,0,298,316.0,neutral or dissatisfied
455,456,Male,Loyal Customer,30,Business travel,Eco,1884,2,5,0,3,2,4,5,4,0,3,4,1,1,0,200,205.0,neutral or dissatisfied
456,457,Female,Loyal Customer,38,Personal Travel,Eco,3610,0,1,5,1,5,5,5,4,2,3,5,3,3,5,134,136.0,satisfied
457,458,Female,Loyal Customer,43,Personal Travel,Eco,3886,5,0,2,0,1,1,2,0,1,1,2,2,3,0,271,290.0,neutral or dissatisfied
458,459,Male,Loyal Customer,67,Business travel,Business,4230,4,0,5,2,4,1,3,0,0,1,5,2,4,3,22,18.0,neutral or dissatisfied
459,460,Male,disloyal Customer,62,Business travel,Business,1098,4,2,4,1,3,0,5,0,4,4,3,0,4,4,86,,satisfied
460,461,Female,Loyal Customer,38,Personal Travel,Business,4569,2,3,1,0,0,2,3,5,3,4,3,2,5,2,30,48.0,satisfied
461,462,Male,Loyal Customer,70,Personal Travel,Business,1551,5,0,0,0,5,3,2,3,5,2,5,1,1,5,120,130.0,satisfied
462,463,Female,Loyal Customer,35,Personal Travel,Business,1851,2,2,2,0,1,4,5,1,3,0,2,0,4,1,68,81.0,satisfied
463,464,Male,Loyal Customer,54,Business travel,Eco Plus,2380,1,4,5,5,0,4,0,5,2,0,3,1,4,1,133,,neutral or dissatisfied
464,465,Female,Loyal Customer,62,Business travel,Business,4900,3,2,2,1,3,0,1,0,3,4,4,5,1,4,145,150.0,neutral or dissatisfied
465,466,Male,Loyal Customer,49,Business travel,Business,4758,5,2,4,2,2,4,3,4,0,1,5,1,3,0,262,262.0,satisfied
466,467,Female,disloyal Customer,53,Personal Travel,Business,3034,3,2,2,2,2,2,5,5,3,5,2,2,1,0,292,,satisfied
467,468,Male,Loyal Customer,34,Business travel,Business,3834,1,1,1,0,4,0,5,4,0,2,4,5,0,1,85,111.0,neutral or dissatisfied
468,469,Male,Loyal Customer,52,Business travel,Eco,3446,3,2,2,1,1,2,2,4,0,0,5,2,1,4,15,22.0,satisfied
469,470,Female,Loyal Customer,66,Personal Travel,Eco,1973,0,5,3,5,1,0,0,4,1,4,2,1,0,1,215,212.0,neutral or dissatisfied
470,471,Male,Loyal Customer,28,Business travel,Eco,4634,3,2,1,0,4,4,4,2,2,1,4,2,1,0,115,144.0,neutral or dissatisfied
471,472,Female,disloyal Customer,38,Personal Travel,Eco Plus,3903,1,1,5,4,0,0,5,3,4,1,3,2,0,5,117,128.0,neutral or dissatisfied
472,473,Male,disloyal Customer,69,Personal Travel,Business,2079,3,1,0,2,2,1,1,1,0,1,5,2,0,2,269,266.0,neutral or dissatisfied
473,474,Female,Loyal Customer,72,Personal Travel,Eco,798,4,4,0,3,2,3,2,1,5,5,5,3,1,0,161,189.0,neutral or dissatisfied
474,475,Male,Loyal Customer,70,Business travel,Business,1412,2,3,4,0,1,4,5,0,2,3,3,5,5,5,187,193.0,satisfied
475,476,Female,Loyal Customer,43,Business travel,Business,3062,0,0,4,4,1,5,5,2,4,5,1,5,4,2,103,121.0,satisfied
476,477,Male,Loyal Customer,21,Personal Travel,Business,3038,4,0,3,2,4,3,2,5,5,1,4,5,2,3,140,140.0,satisfied
477,478,Female,Loyal Customer,51,Personal Travel,Business,4887,4,2,5,5,3,4,2,5,3,4,3,1,4,4,166,171.0,satisfied
478,479,Male,Loyal Customer,69,Personal Travel,Business,2400,1,4,0,1,0,3,3,1,2,2,5,4,0,5,299,320.0,neutral or dissatisfied
479,480,Female,Loyal Customer,65,Business travel,Business,3297,2,2,0,2,5,1,5,3,5,5,4,1,1,3,27,45.0,satisfied
480,481,Female,Loyal Customer,35,Personal Travel,Eco,226,2,0,0,1,3,3,4,4,2,4,4,5,1,0,271,283.0,neutral or dissatisfied
481,482,Female,disloyal Customer,57,Personal Travel,Business,1291,5,1,0,1,3,0,1,0,2,1,1,0,1,4,49,70.0,neutral or dissatisfied
482,483,Male,Loyal Customer,52,Personal Travel,Business,2739,0,3,2,5,1,3,0,3,3,2,5,2,1,5,155,170.0,neutral or dissatisfied
483,484,Female,Loyal Customer,58,Personal Travel,Eco,4489,1,4,5,5,1,4,0,1,3,0,2,2,5,0,120,148.0,neutral or dissatisfied
484,485,Male,disloyal Customer,46,Personal Travel,Business,4016,0,1,1,0,1,5,4,2,2,0,1,4,2,4,139,166.0,satisfied
485,486,Female,Loyal Customer,69,Personal Travel,Business,1466,5,3,1,0,3,5,2,0,5,4,1,0,3,4,15,27.0,satisfied
486,487,Male,Loyal Customer,46,Business travel,Eco,1119,3,4,3,2,0,2,2,1,1,2,2,3,0,0,48,45.0,neutral or dissatisfied
487,488,Female,Loyal Customer,55,Business travel,Business,4179,4,4,2,5,1,3,2,5,0,4,2,1,2,0,163,181.0,satisfied
488,489,Male,Loyal Customer,59,Business travel,Business,4614,0,0,0,4,2,5,5,0,3,2,1,3,4,5,61,56.0,satisfied
489,490,Male,disloyal Customer,38,Business travel,Eco Plus,4639,4,1,0,2,0,3,2,1,1,2,4,0,3,4,153,153.0,neutral or dissatisfied
490,491,Female,disloyal Customer,59,Business travel,Business,784,1,4,4,3,2,5,2,5,3,4,3,4,3,5,149,,satisfied
491,492,Male,Loyal Customer,30,Business travel,Eco Plus,3729,3,5,4,1,0,3,5,5,2,2,3,0,1,4,72,88.0,satisfied
492,493,Male,Loyal Customer,66,Business travel,Eco,2987,1,4,3,1,1,4,5,4,1,5,1,4,2,5,68,70.0,satisfied
493,494,Female,Loyal Customer,58,Business travel,Business,1562,3,3,0,0,5,3,4,2,5,1,4,3,4,0,176,175.0,satisfied
494,495,Male,Loyal Customer,34,Personal Travel,Eco Plus,4186,3,0,3,4,4,4,3,4,5,2,2,3,1,0,1,4.0,satisfied
495,496,Male,Loyal Customer,73,Personal Travel,Eco Plus,2361,4,2,2,5,1,4,5,1,4,5,1,0,1,1,118,133.0,satisfied
496,497,Male,disloyal Customer,26,Business travel,Business,4280,1,0,1,5,3,2,1,3,0,2,5,0,5,5,6,28.0,satisfied
497,498,Female,Loyal Customer,58,Personal Travel,Eco,2941,1,2,0,0,5,5,2,4,0,5,4,2,0,1,254,252.0,neutral or dissatisfied
498,499,Male,disloyal Customer,18,Business travel,Business,1867,0,1,5,3,3,0,3,3,3,4,5,4,3,1,74,92.0,neutral or dissatisfied
499,500,Female,Loyal Customer,19,Business travel,Eco Plus,4280,1,1,2,2,0,4,0,5,0,0,5,2,4,3,194,196.0,neutral or dissatisfied
500,501,Male,Loyal Customer,65,Business travel,Business,3660,0,4,0,2,3,5,4,1,4,3,1,1,3,4,186,,satisfied
501,502,Male,Loyal Customer,46,Business travel,Eco Plus,2212,2,5,5,4,5,1,3,2,5,2,4,1,2,2,2,30.0,satisfied
502,503,Male,disloyal Customer,50,Personal Travel,Business,4858,2,1,4,0,5,3,5,3,1,3,5,0,0,3,183,197.0,satisfied
503,504,Female,disloyal Customer,27,Personal Travel,Eco,726,2,4,3,0,1,1,2,1,1,2,4,3,1,4,272,282.0,neutral or dissatisfied
504,505,Male,disloyal Customer,67,Business travel,Business,4259,5,0,4,3,2,3,2,3,5,4,3,1,0,2,51,55.0,satisfied
505,506,Male,Loyal Customer,57,Business travel,Eco Plus,3514,1,1,1,2,1,2,2,4,2,4,5,1,1,1,262,290.0,neutral or dissatisfied
506,507,Female,Loyal Customer,38,Business travel,Eco Plus,1475,5,0,4,0,0,4,3,1,5,5,5,2,0,2,132,,satisfied
507,508,Male,disloyal Customer,45,Business travel,Eco,1281,1,0,0,5,3,0,2,4,1,2,4,2,1,0,224,248.0,neutral or dissatisfied
508,509,Female,Loyal Customer,28,Business travel,Eco Plus,590,0,5,5,4,2,4,5,0,3,4,3,1,3,0,60,84.0,neutral or dissatisfied
509,510,Female,Loyal Customer,72,Business travel,Eco,3829,5,1,4,2,4,3,3,1,4,4,5,0,3,5,15,34.0,satisfied
510,511,Male,Loyal Customer,51,Personal Travel,Eco,3634,5,0,0,3,5,0,2,3,5,2,1,2,3,4,228,,satisfied
511,512,Female,disloyal Customer,25,Personal Travel,Eco,3396,5,5,1,4,2,4,0,0,2,5,4,1,3,3,194,208.0,neutral or dissatisfied
512,513,Male,disloyal Customer,39,Business travel,Business,2040,3,5,5,1,2,0,0,4,3,5,4,3,0,1,250,261.0,neutral or dissatisfied
513,514,Female,Loyal Customer,25,Personal Travel,Eco Plus,4508,0,1,4,5,1,3,1,4,5,5,5,2,1,4,47,,satisfied
514,515,Female,disloyal Customer,66,Business travel,Eco,1982,2,5,3,3,4,2,2,3,3,5,3,1,3,1,234,254.0,neutral or dissatisfied
515,516,Male,disloyal Customer,32,Business travel,Eco,3087,0,1,3,4,5,2,2,0,5,0,5,4,0,0,120,124.0,neutral or dissatisfied
516,517,Female,Loyal Customer,34,Business travel,Eco,3259,3,1,5,0,0,4,3,5,3,2,2,2,1,3,49,77.0,satisfied
517,518,Female,Loyal Customer,40,Personal Travel,Business,4875,1,2,3,1,0,1,3,2,0,0,5,4,0,3,40,48.0,neutral or dissatisfied
518,519,Female,disloyal Customer,41,Personal Travel,Business,4630,0,0,4,3,2,3,2,3,3,4,2,2,5,0,21,23.0,neutral or dissatisfied
519,520,Female,Loyal Customer,62,Personal Travel,Eco Plus,781,5,3,4,0,2,4,1,4,0,0,1,2,3,2,181,202.0,neutral or dissatisfied
520,521,Female,Loyal Customer,36,Business travel,Eco,1173,2,1,5,5,3,4,2,1,1,5,4,5,2,3,4,,neutral or dissatisfied
521,522,Male,Loyal Customer,22,Personal Travel,Eco Plus,2487,2,0,4,1,4,2,5,0,0,4,4,5,0,2,144,153.0,neutral or dissatisfied
522,523,Female,disloyal Customer,49,Business travel,Eco Plus,2494,1,5,0,2,5,0,3,5,3,0,3,4,3,1,77,93.0,neutral or dissatisfied
523,524,Male,disloyal Customer,61,Personal Travel,Eco,2793,0,4,1,0,2,3,2,2,4,0,5,0,4,3,230,255.0,neutral or dissatisfied
524,525,Female,disloyal Customer,18,Business travel,Business,1470,3,1,3,4,3,0,3,1,4,2,1,1,1,5,296,292.0,satisfied
525,526,Male,Loyal Customer,40,Business travel,Eco,4844,1,5,0,3,4,5,2,0,1,0,2,0,5,0,208,,neutral or dissatisfied
526,527,Male,disloyal Customer,54,Business travel,Eco Plus,4440,0,5,5,1,5,5,4,5,3,4,3,0,3,2,162,170.0,satisfied
527,528,Female,disloyal Customer,25,Personal Travel,Business,2256,4,5,3,0,0,3,3,3,0,5,1,5,4,5,167,171.0,satisfied
528,529,Female,Loyal Customer,30,Business travel,Eco Plus,2680,2,5,0,2,3,1,1,5,4,2,1,1,0,1,277,301.0,neutral or dissatisfied
529,530,Female,disloyal Customer,25,Personal Travel,Eco,4491,3,5,4,3,4,5,4,3,5,0,2,5,0,1,236,245.0,satisfied
530,531,Male,Loyal Customer,74,Business travel,Business,2259,5,1,5,3,3,2,5,0,2,2,2,5,4,3,175,183.0,satisfied
531,532,Female,Loyal Customer,40,Personal Travel,Business,3348,3,3,5,0,2,1,2,5,3,3,4,5,5,3,52,77.0,satisfied
532,533,Male,Loyal Customer,60,Personal Travel,Eco,3831,5,2,3,2,1,4,5,2,5,2,5,3,4,5,9,32.0,satisfied
533,534,Male,Loyal Customer,18,Personal Travel,Business,3929,3,5,4,5,0,5,3,5,5,5,3,0,1,4,145,166.0,satisfied
534,535,Male,Loyal Customer,62,Business travel,Eco Plus,1727,2,5,3,5,2,2,4,0,3,3,5,0,0,4,226,241.0,neutral or dissatisfied
535,536,Female,Loyal Customer,68,Business travel,Eco Plus,3572,5,2,2,1,2,4,5,1,2,3,3,0,4,3,235,238.0,satisfied
536,537,Female,Loyal Customer,41,Business travel,Eco Plus,127,0,1,0,0,4,1,1,1,4,2,1,3,2,4,241,255.0,neutral or dissatisfied
537,538,Male,disloyal Customer,52,Personal Travel,Eco,2085,5,0,2,1,3,3,3,5,2,4,2,2,2,0,70,99.0,neutral or dissatisfied
538,539,Male,Loyal Customer,41,Business travel,Business,4253,1,4,0,5,0,4,4,5,1,5,2,4,4,5,157,,satisfied
539,540,Female,Loyal Customer,34,Business travel,Eco Plus,1621,0,4,1,3,2,0,5,3,0,4,1,4,1,0,18,36.0,neutral or dissatisfied
540,541,Male,Loyal Customer,22,Business travel,Business,396,1,0,5,1,4,3,4,0,0,5,1,3,0,4,54,,satisfied
541,542,Female,disloyal Customer,37,Business travel,Eco,2281,3,1,3,2,0,3,4,3,5,5,3,0,2,3,214,219.0,satisfied
542,543,Male,Loyal Customer,38,Personal Travel,Business,3502,0,4,1,4,3,1,5,2,4,4,1,4,4,0,208,210.0,neutral or dissatisfied
543,544,Female,Loyal Customer,57,Business travel,Eco Plus,2396,3,2,1,5,2,1,0,1,2,1,3,3,4,1,20,17.0,neutral or dissatisfied
544,545,Male,disloyal Customer,48,Personal Travel,Business,2697,4,0,5,5,5,2,2,4,5,3,5,5,3,3,281,,satisfied
545,546,Female,Loyal Customer,63,Business travel,Business,1001,3,3,5,2,2,2,3,4,3,2,2,1,4,5,248,245.0,satisfied
546,547,Male,Loyal Customer,53,Business travel,Business,1198,3,1,0,1,2,0,3,0,5,4,2,4,1,2,27,46.0,satisfied
547,548,Female,Loyal Customer,28,Business travel,Business,1777,1,0,2,0,0,3,3,0,3,4,2,1,2,2,295,300.0,neutral or dissatisfied
548,549,Female,disloyal Customer,69,Business travel,Eco,2981,5,4,4,3,0,0,4,4,3,2,5,0,3,3,210,220.0,satisfied
549,550,Male,Loyal Customer,32,Business travel,Business,4966,4,1,0,4,0,0,5,0,1,3,5,4,2,4,284,295.0,satisfied
550,551,Male,disloyal Customer,36,Personal Travel,Eco,1478,3,2,4,0,0,1,2,1,1,2,4,3,2,0,19,37.0,neutral or dissatisfied
551,552,Female,Loyal Customer,24,Business travel,Eco,1348,3,1,1,0,4,0,1,2,3,5,3,2,1,0,19,30.0,neutral or dissatisfied
552,553,Male,disloyal Customer,68,Personal Travel,Eco Plus,3835,4,1,4,2,1,0,3,2,4,1,3,4,4,3,119,133.0,neutral or dissatisfied
553,554,Female,disloyal Customer,45,Business travel,Business,4341,4,2,2,1,4,4,5,3,1,5,4,4,1,1,96,112.0,satisfied
554,555,Male,disloyal Customer,68,Business travel,Business,1364,0,5,0,5,2,2,2,1,1,1,2,4,4,5,119,119.0,neutral or dissatisfied
555,556,Female,Loyal Customer,60,Personal Travel,Eco,2007,1,2,5,5,4,2,2,0,0,2,3,4,3,4,24,,neutral or dissatisfied
556,557,Female,disloyal Customer,22,Business travel,Business,1158,4,1,2,2,3,3,0,0,5,5,3,3,1,1,152,160.0,neutral or dissatisfied
557,558,Female,Loyal Customer,22,Business travel,Business,2849,4,2,2,1,5,2,5,3,0,3,2,3,1,3,244,249.0,satisfied
558,559,Female,Loyal Customer,47,Business travel,Eco Plus,2148,2,5,0,2,0,5,3,3,4,5,1,2,5,3,259,265.0,satisfied
559,560,Female,Loyal Customer,71,Business travel,Eco,4348,5,0,5,5,3,3,4,0,1,4,1,3,0,1,3,,neutral or dissatisfied
560,561,Female,disloyal Customer,49,Personal Travel,Eco,2576,4,2,2,0,5,4,2,0,1,1,4,3,1,2,142,141.0,neutral or dissatisfied
561,562,Male,disloyal Customer,25,Business travel,Business,4116,1,2,5,3,3,2,2,1,2,1,5,0,5,3,281,295.0,neutral or dissatisfied
562,563,Male,disloyal Customer,27,Personal Travel,Eco,4703,5,1,3,1,2,4,1,3,4,3,3,0,0,5,219,228.0,satisfied
563,564,Male,Loyal Customer,55,Personal Travel,Business,3297,5,0,3,4,0,2,0,1,5,1,3,1,4,4,159,179.0,satisfied
564,565,Female,Loyal Customer,64,Business travel,Business,4686,3,3,3,4,3,2,2,5,5,1,4,2,4,1,75,102.0,satisfied
565,566,Female,disloyal Customer,49,Personal Travel,Eco,3653,3,3,4,0,2,4,2,0,5,3,4,0,4,2,98,122.0,neutral or dissatisfied
566,567,Female,Loyal Customer,65,Business travel,Business,4540,3,4,2,2,0,0,4,4,4,5,3,2,5,1,179,197.0,satisfied
567,568,Female,Loyal Customer,45,Personal Travel,Business,1861,3,2,0,2,1,0,4,4,2,2,2,2,5,2,126,143.0,neutral or dissatisfied
568,569,Male,Loyal Customer,34,Business travel,Business,320,2,2,0,5,2,0,1,5,2,5,2,4,0,2,31,34.0,satisfied
569,570,Male,Loyal Customer,48,Personal Travel,Eco,4918,4,0,4,0,4,5,5,0,0,4,5,5,4,5,264,261.0,satisfied
570,571,Female,Loyal Customer,25,Business travel,Eco,4723,3,5,0,5,0,0,1,3,4,4,3,5,2,4,12,13.0,satisfied
571,572,Male,Loyal Customer,57,Business travel,Eco,2988,0,3,3,5,3,2,1,4,4,1,3,5,1,3,201,217.0,neutral or dissatisfied
572,573,Male,Loyal Customer,42,Personal Travel,Eco,1764,3,4,2,4,5,1,4,3,2,4,3,2,5,2,17,,neutral or dissatisfied
573,574,Female,Loyal Customer,26,Personal Travel,Business,4086,4,0,0,5,3,4,5,4,3,2,3,4,5,3,92,115.0,satisfied
574,575,Male,disloyal Customer,19,Business travel,Eco Plus,4676,3,2,0,5,4,1,4,3,3,1,4,1,5,4,279,289.0,satisfied
575,576,Female,Loyal Customer,32,Business travel,Business,3077,2,3,1,4,4,5,0,4,0,4,1,1,0,3,59,87.0,satisfied
576,577,Male,Loyal Customer,67,Personal Travel,Business,1971,1,4,1,2,3,1,3,3,3,0,3,5,4,5,213,217.0,satisfied
577,578,Female,Loyal Customer,20,Personal Travel,Eco Plus,1562,1,1,1,1,5,3,3,5,3,0,1,1,2,5,99,,satisfied
578,579,Female,Loyal Customer,66,Personal Travel,Eco,444,4,3,2,3,0,0,0,1,3,0,2,4,1,0,0,,neutral or dissatisfied
579,580,Female,disloyal Customer,53,Personal Travel,Business,144,1,4,3,5,2,5,3,3,1,0,5,5,1,5,42,63.0,satisfied
580,581,Female,disloyal Customer,21,Personal Travel,Business,2168,1,0,5,1,4,2,5,1,0,5,2,4,4,2,167,176.0,neutral or dissatisfied
581,582,Male,Loyal Customer,31,Personal Travel,Business,1614,0,1,3,4,4,0,4,1,2,0,3,1,2,4,191,217.0,neutral or dissatisfied
582,583,Female,Loyal Customer,58,Business travel,Business,2698,4,4,3,1,4,0,3,0,3,1,2,5,0,5,33,55.0,satisfied
583,584,Female,disloyal Customer,58,Business travel,Eco,1101,4,4,2,3,5,1,5,5,5,3,4,4,5,1,33,,satisfied
584,585,Female,disloyal Customer,42,Personal Travel,Eco Plus,1133,1,2,2,1,1,3,4,1,1,5,1,3,5,4,175,176.0,neutral or dissatisfied
585,586,Male,Loyal Customer,72,Personal Travel,Eco Plus,2140,1,5,1,1,5,0,5,2,3,3,3,3,4,2,195,205.0,neutral or dissatisfied
586,587,Female,Loyal Customer,67,Business travel,Eco,373,1,3,0,1,0,4,0,1,1,1,4,4,1,4,157,177.0,neutral or dissatisfied
587,588,Male,Loyal Customer,27,Business travel,Business,2747,5,2,4,1,0,4,1,3,0,1,1,4,5,5,244,273.0,satisfied
588,589,Female,disloyal Customer,38,Personal Travel,Eco Plus,1879,2,1,4,0,0,0,0,1,5,2,4,0,1,1,70,81.0,neutral or dissatisfied
589,590,Male,Loyal Customer,53,Business travel,Eco Plus,4576,3,5,5,5,0,1,3,3,5,5,2,0,1,0,113,130.0,neutral or dissatisfied
590,591,Male,disloyal Customer,29,Business travel,Eco Plus,578,2,4,0,4,0,1,4,3,5,3,3,2,4,2,284,,satisfied
591,592,Female,Loyal Customer,44,Business travel,Eco,615,4,2,5,3,3,2,5,2,3,0,2,5,3,2,142,,satisfied
592,593,Male,Loyal Customer,57,Business travel,Eco,4386,0,5,1,4,4,5,3,1,1,1,5,2,3,4,96,121.0,neutral or dissatisfied
593,594,Female,Loyal Customer,19,Business travel,Business,1291,3,3,5,0,5,5,3,1,5,0,3,2,3,3,211,237.0,satisfied
594,595,Female,Loyal Customer,71,Business travel,Eco,2768,0,1,0,0,3,5,1,4,4,3,2,1,2,3,184,207.0,satisfied
595,596,Female,Loyal Customer,30,Business travel,Business,1511,5,0,0,0,5,3,3,4,4,5,3,3,4,1,204,201.0,satisfied
596,597,Male,Loyal Customer,70,Personal Travel,Business,3380,4,2,4,5,1,1,1,0,1,4,1,1,1,0,215,217.0,neutral or dissatisfied
597,598,Male,Loyal Customer,49,Business travel,Business,371,5,1,1,0,2,2,4,3,3,4,3,5,5,0,245,241.0,satisfied
598,599,Female,disloyal Customer,48,Personal Travel,Business,242,4,0,2,1,4,4,4,2,3,1,3,4,2,4,238,,satisfied
599,600,Female,Loyal Customer,33,Personal Travel,Eco Plus,3432,0,2,5,4,1,5,5,4,0,2,1,0,3,4,292,,neutral or dissatisfied
600,601,Male,Loyal Customer,49,Business travel,Eco,887,0,1,4,2,3,4,1,1,0,0,2,5,0,3,7,,neutral or dissatisfied
601,602,Female,disloyal Customer,49,Personal Travel,Eco,1781,0,1,5,3,2,4,0,0,5,1,3,4,2,5,77,,neutral or dissatisfied
602,603,Female,disloyal Customer,51,Business travel,Eco Plus,722,4,5,5,0,1,0,4,2,2,2,4,5,2,0,276,,neutral or dissatisfied
603,604,Female,disloyal Customer,28,Personal Travel,Eco Plus,3941,1,2,2,4,5,3,5,5,0,0,3,4,4,5,201,217.0,satisfied
604,605,Male,disloyal Customer,27,Business travel,Business,3776,0,1,1,0,2,2,0,1,3,3,2,0,5,0,213,,neutral or dissatisfied
605,606,Male,Loyal Customer,32,Personal Travel,Business,2672,5,4,0,5,5,3,4,1,2,4,1,4,2,5,93,121.0,satisfied
606,607,Male,Loyal Customer,34,Personal Travel,Eco Plus,3360,3,2,3,0,1,0,4,5,0,2,2,2,5,5,74,99.0,neutral or dissatisfied
607,608,Female,disloyal Customer,57,Business travel,Eco Plus,4812,4,1,5,0,3,2,5,3,1,0,5,5,4,0,156,162.0,neutral or dissatisfied
608,609,Female,Loyal Customer,35,Business travel,Eco,166,5,5,3,0,5,2,5,3,4,1,3,0,0,1,152,158.0,satisfied
609,610,Female,Loyal Customer,72,Personal Travel,Business,4386,2,0,1,0,2,1,2,4,0,0,3,4,1,1,141,151.0,neutral or dissatisfied
610,611,Male,disloyal Customer,26,Personal Travel,Business,4716,2,0,3,3,1,3,3,4,0,1,1,2,1,4,77,96.0,satisfied
611,612,Female,Loyal Customer,42,Business travel,Eco Plus,1240,3,4,5,4,5,3,3,1,1,4,3,2,3,5,181,197.0,neutral or dissatisfied
612,613,Female,Loyal Customer,57,Personal Travel,Business,2414,1,2,2,5,3,1,0,1,3,4,4,3,3,5,194,215.0,neutral or dissatisfied
613,614,Female,Loyal Customer,31,Business travel,Business,2632,0,5,3,0,4,4,3,4,5,0,4,2,0,5,157,,satisfied
614,615,Female,Loyal Customer,42,Personal Travel,Eco,3680,4,1,1,0,3,0,0,5,1,0,2,1,1,5,145,151.0,neutral or dissatisfied
615,616,Male,Loyal Customer,67,Business travel,Business,1287,5,1,1,0,3,3,4,4,5,1,1,0,3,5,53,65.0,satisfied
616,617,Male,Loyal Customer,39,Personal Travel,Eco,4571,0,0,2,0,4,1,2,1,0,1,5,0,5,3,276,286.0,neutral or dissatisfied
617,618,Female,disloyal Customer,69,Business travel,Business,4848,5,5,3,1,3,2,2,2,3,2,2,0,2,2,82,80.0,satisfied
618,619,Male,Loyal Customer,47,Business travel,Business,3439,4,4,3,1,4,5,4,1,2,2,1,4,4,5,155,161.0,satisfied
619,620,Male,Loyal Customer,37,Business travel,Business,648,2,0,0,2,4,1,5,2,0,2,1,5,3,3,3,30.0,satisfied
620,621,Female,disloyal Customer,38,Business travel,Eco,4187,0,0,4,0,5,5,1,2,1,0,2,4,0,1,270,286.0,neutral or dissatisfied
621,622,Female,disloyal Customer,61,Business travel,Business,172,3,4,1,2,5,4,1,1,2,5,2,1,1,5,63,,satisfied
622,623,Male,disloyal Customer,49,Business travel,Eco,298,1,2,0,3,4,0,3,0,4,5,3,5,0,1,111,138.0,neutral or dissatisfied
623,624,Female,disloyal Customer,68,Personal Travel,Business,3301,3,1,1,2,1,5,5,4,2,5,5,2,4,4,238,259.0,satisfied
624,625,Male,Loyal Customer,63,Business travel,Eco,1881,1,2,0,4,2,4,0,3,1,5,4,4,4,2,143,156.0,neutral or dissatisfied
625,626,Female,Loyal Customer,66,Business travel,Business,671,5,5,4,1,1,5,2,1,2,2,3,5,0,0,19,27.0,satisfied
626,627,Male,Loyal Customer,73,Business travel,Eco,890,0,3,0,1,4,2,3,2,1,0,1,2,3,2,63,,neutral or dissatisfied
627,628,Female,Loyal Customer,38,Business travel,Eco Plus,1738,0,3,1,0,2,2,4,1,0,5,5,5,3,5,288,316.0,neutral or dissatisfied
628,629,Male,Loyal Customer,52,Business travel,Eco,1931,1,3,3,0,5,2,5,4,3,4,5,2,1,5,80,98.0,satisfied
629,630,Male,Loyal Customer,49,Business travel,Business,1955,2,4,1,3,2,2,2,5,4,3,2,5,5,2,196,,satisfied
630,631,Male,disloyal Customer,47,Business travel,Business,1274,4,0,5,5,4,1,0,2,3,4,5,4,1,2,68,67.0,neutral or dissatisfied
631,632,Female,Loyal Customer,72,Business travel,Business,3840,3,2,2,3,5,2,0,3,3,0,5,4,2,4,185,203.0,satisfied
632,633,Male,Loyal Customer,56,Business travel,Eco,3377,5,1,2,4,2,2,1,3,3,0,1,1,5,1,166,165.0,neutral or dissatisfied
633,634,Male,Loyal Customer,66,Business travel,Eco Plus,278,3,3,5,0,2,1,3,3,1,3,3,3,2,0,204,204.0,neutral or dissatisfied
634,635,Female,Loyal Customer,29,Business travel,Eco,2344,3,2,2,0,1,2,4,5,1,1,5,0,1,2,163,161.0,satisfied
635,636,Female,Loyal Customer,58,Business travel,Business,4186,5,3,2,3,2,4,2,0,4,1,2,4,5,0,93,97.0,satisfied
636,637,Male,disloyal Customer,64,Personal Travel,Business,834,5,3,4,3,4,4,0,2,1,1,3,4,5,2,248,243.0,neutral or dissatisfied
637,638,Male,Loyal Customer,35,Business travel,Business,898,0,1,3,3,0,3,2,5,5,2,2,2,2,1,67,82.0,satisfied
638,639,Female,Loyal Customer,38,Personal Travel,Eco,887,3,5,3,1,0,4,4,2,1,1,5,3,0,0,20,17.0,neutral or dissatisfied
639,640,Female,Loyal Customer,30,Business travel,Eco,2895,4,5,1,2,0,0,2,5,1,2,3,4,3,3,84,109.0,neutral or dissatisfied
640,641,Female,disloyal Customer,38,Personal Travel,Eco,4404,4,5,5,2,4,0,3,5,1,2,5,5,5,1,23,44.0,neutral or dissatisfied
641,642,Female,Loyal Customer,25,Personal Travel,Business,4688,1,4,0,0,0,0,1,0,0,1,1,3,5,0,110,121.0,neutral or dissatisfied
642,643,Female,Loyal Customer,63,Business travel,Eco,3184,5,0,1,1,1,1,2,2,4,1,3,0,2,2,82,99.0,neutral or dissatisfied
643,644,Male,Loyal Customer,57,Personal Travel,Eco,3018,0,4,1,3,4,4,5,5,5,3,2,5,5,2,77,84.0,satisfied
644,645,Female,Loyal Customer,63,Business travel,Business,831,4,2,1,0,5,0,1,0,1,5,1,2,2,1,139,160.0,neutral or dissatisfied
645,646,Male,disloyal Customer,24,Business travel,Eco,1229,2,4,1,1,4,3,4,1,4,3,4,1,0,1,270,284.0,neutral or dissatisfied
646,647,Male,disloyal Customer,40,Personal Travel,Eco,3546,0,2,3,4,4,1,1,4,2,2,2,5,5,2,168,175.0,neutral or dissatisfied
647,648,Male,Loyal Customer,61,Personal Travel,Eco,1705,0,2,0,5,2,3,2,5,0,3,5,0,4,0,196,214.0,neutral or dissatisfied
648,649,Female,disloyal Customer,49,Business travel,Eco,3878,4,0,1,1,2,4,2,3,1,2,2,5,1,3,261,258.0,satisfied
649,650,Male,disloyal Customer,28,Business travel,Business,2845,2,1,3,0,2,2,5,0,5,0,4,3,0,4,214,218.0,satisfied
650,651,Male,disloyal Customer,39,Business travel,Business,3270,1,0,1,2,3,3,0,0,0,2,2,3,4,1,66,61.0,neutral or dissatisfied
651,652,Female,disloyal Customer,39,Business travel,Eco,4789,4,5,2,3,1,2,5,5,5,2,1,0,0,2,228,235.0,satisfied
652,653,Male,Loyal Customer,60,Personal Travel,Business,3033,2,5,1,5,4,1,2,0,0,3,2,3,3,0,160,,neutral or dissatisfied
653,654,Male,Loyal Customer,42,Business travel,Eco,1315,0,4,5,4,4,3,1,1,2,5,3,5,0,1,121,148.0,neutral or dissatisfied
654,655,Female,Loyal Customer,39,Business travel,Eco,424,2,2,5,5,2,3,5,0,4,0,4,1,0,0,148,144.0,neutral or dissatisfied
655,656,Male,disloyal Customer,45,Business travel,Eco,1950,0,3,1,5,4,5,5,4,0,4,2,5,3,1,192,188.0,neutral or dissatisfied
656,657,Male,Loyal Customer,46,Business travel,Eco,1590,4,3,4,1,5,1,0,4,3,4,4,1,5,2,230,255.0,neutral or dissatisfied
657,658,Male,disloyal Customer,30,Business travel,Business,993,5,2,2,0,4,1,2,3,2,5,1,3,1,0,110,108.0,neutral or dissatisfied
658,659,Female,disloyal Customer,35,Personal Travel,Business,1490,4,0,0,0,0,0,2,1,3,4,3,5,4,2,144,172.0,neutral or dissatisfied
659,660,Female,Loyal Customer,19,Personal Travel,Business,3489,3,1,1,5,5,4,4,4,2,0,5,3,2,0,220,233.0,satisfied
660,661,Female,disloyal Customer,46,Personal Travel,Eco Plus,4339,3,0,0,3,5,3,0,5,3,1,2,1,1,1,63,66.0,neutral or dissatisfied
661,662,Male,Loyal Customer,38,Business travel,Business,4579,3,2,2,0,4,3,4,2,3,0,1,3,0,4,125,143.0,satisfied
662,663,Male,Loyal Customer,32,Personal Travel,Business,2363,4,2,1,5,3,1,4,2,5,3,4,4,2,4,217,224.0,satisfied
663,664,Female,disloyal Customer,69,Personal Travel,Eco,3532,1,1,4,0,2,1,4,2,0,2,4,2,3,3,283,307.0,neutral or dissatisfied
664,665,Male,Loyal Customer,44,Personal Travel,Eco,2471,4,4,3,3,1,4,3,5,0,2,1,5,1,3,235,248.0,satisfied
665,666,Male,disloyal Customer,67,Business travel,Business,3186,5,4,4,4,1,1,4,0,2,3,2,4,5,5,12,16.0,satisfied
666,667,Female,disloyal Customer,48,Business travel,Business,4412,2,1,4,5,0,2,5,5,4,3,5,3,4,2,152,160.0,satisfied
667,668,Female,Loyal Customer,32,Business travel,Eco,1615,4,4,3,2,1,2,1,0,5,2,2,3,1,0,238,252.0,neutral or dissatisfied
668,669,Male,Loyal Customer,68,Business travel,Business,3017,4,3,3,2,1,5,5,2,0,5,3,2,1,3,189,187.0,satisfied
669,670,Male,Loyal Customer,40,Business travel,Business,2452,0,4,5,5,2,2,5,3,0,1,2,3,5,1,150,149.0,neutral or dissatisfied
670,671,Male,Loyal Customer,41,Business travel,Business,1267,0,4,3,1,2,2,2,3,5,1,3,2,2,4,85,111.0,satisfied
671,672,Female,disloyal Customer,61,Business travel,Eco Plus,210,0,4,1,4,3,4,3,0,1,1,4,5,3,0,20,20.0,neutral or dissatisfied
672,673,Female,Loyal Customer,30,Personal Travel,Business,4427,4,3,0,1,0,3,4,2,5,3,3,1,5,5,181,189.0,satisfied
673,674,Female,Loyal Customer,39,Business travel,Eco,3755,1,4,5,2,1,2,2,5,0,2,5,2,3,4,157,157.0,neutral or dissatisfied
674,675,Female,Loyal Customer,60,Business travel,Eco Plus,3893,2,5,5,3,3,5,0,3,4,5,1,2,5,0,75,83.0,neutral or dissatisfied
675,676,Male,Loyal Customer,54,Personal Travel,Eco Plus,1855,2,3,0,5,0,1,0,0,1,2,3,4,1,3,202,208.0,neutral or dissatisfied
676,677,Female,disloyal Customer,50,Personal Travel,Business,1677,5,1,5,0,5,2,2,5,3,2,2,3,3,3,228,249.0,satisfied
677,678,Female,Loyal Customer,73,Personal Travel,Eco Plus,1396,1,0,3,2,1,5,1,2,5,5,3,5,2,2,151,171.0,neutral or dissatisfied
678,679,Female,disloyal Customer,20,Personal Travel,Eco,3874,1,1,4,4,1,4,2,1,3,0,4,1,2,5,262,268.0,neutral or dissatisfied
679,680,Female,Loyal Customer,71,Business travel,Eco,2320,2,0,2,2,2,1,2,2,1,5,3,0,4,0,71,73.0,neutral or dissatisfied
680,681,Female,disloyal Customer,36,Personal Travel,Eco,1072,3,1,3,4,4,5,3,2,1,0,5,2,3,5,224,,satisfied
681,682,Male,Loyal Customer,40,Business travel,Eco Plus,1130,0,5,4,4,0,2,0,5,1,4,3,0,4,1,130,140.0,neutral or dissatisfied
682,683,Male,Loyal Customer,46,Business travel,Eco,2693,0,0,4,5,1,3,0,5,2,0,5,3,5,5,27,47.0,satisfied
683,684,Female,disloyal Customer,47,Business travel,Eco,4092,2,0,5,4,0,1,4,4,5,1,2,2,0,3,298,300.0,satisfied
684,685,Male,Loyal Customer,56,Business travel,Eco,4713,1,2,1,1,3,1,5,4,4,1,4,0,2,2,96,119.0,satisfied
685,686,Female,disloyal Customer,61,Business travel,Business,1013,5,0,1,3,3,3,2,5,4,5,1,4,1,3,45,59.0,satisfied
686,687,Female,Loyal Customer,64,Personal Travel,Business,2281,3,0,5,2,4,1,2,5,3,1,2,0,2,4,0,11.0,satisfied
687,688,Male,Loyal Customer,42,Personal Travel,Business,3297,2,2,5,3,1,2,1,1,3,1,2,4,0,3,165,,neutral or dissatisfied
688,689,Male,Loyal Customer,54,Business travel,Eco,1562,0,4,0,0,2,1,0,1,3,4,1,1,1,0,244,255.0,neutral or dissatisfied
689,690,Female,disloyal Customer,64,Business travel,Eco Plus,2478,4,4,0,2,1,2,1,2,5,1,3,3,3,2,218,,neutral or dissatisfied
690,691,Female,Loyal Customer,25,Personal Travel,Eco Plus,3554,1,2,2,3,0,3,3,3,0,3,3,5,3,0,101,124.0,neutral or dissatisfied
691,692,Female,Loyal Customer,59,Personal Travel,Eco,3653,4,3,2,3,5,0,4,1,3,3,3,0,2,1,290,298.0,neutral or dissatisfied
692,693,Male,Loyal Customer,33,Business travel,Eco,1407,5,0,2,5,3,3,1,2,1,3,4,2,1,1,203,214.0,neutral or dissatisfied
693,694,Female,Loyal Customer,25,Personal Travel,Eco,1289,2,0,2,5,0,2,0,0,3,0,2,3,5,3,201,208.0,neutral or dissatisfied
694,695,Female,Loyal Customer,18,Business travel,Business,787,0,2,4,0,4,4,3,4,1,5,5,0,1,2,53,76.0,satisfied
695,696,Female,disloyal Customer,61,Business travel,Eco,4761,3,2,4,4,3,3,2,3,2,5,1,2,4,5,279,307.0,satisfied
696,697,Male,disloyal Customer,22,Personal Travel,Business,1307,4,3,0,2,2,4,3,2,0,2,2,2,0,2,277,298.0,neutral or dissatisfied
697,698,Female,disloyal Customer,20,Business travel,Business,1994,3,5,1,5,3,4,5,5,0,4,3,5,3,2,15,42.0,satisfied
698,699,Female,disloyal Customer,18,Business travel,Business,1911,5,4,5,2,5,2,1,0,5,3,1,5,2,2,12,35.0,satisfied
699,700,Male,Loyal Customer,21,Personal Travel,Business,3283,0,1,1,0,1,2,0,4,5,3,5,2,1,3,86,99.0,neutral or dissatisfied
700,701,Female,disloyal Customer,57,Personal Travel,Eco Plus,3897,4,5,3,5,5,0,1,0,4,1,2,5,3,0,77,95.0,neutral or dissatisfied
701,702,Female,Loyal Customer,52,Business travel,Eco,1744,5,4,4,5,5,5,2,2,2,3,2,2,2,3,66,74.0,satisfied
702,703,Male,Loyal Customer,49,Business travel,Business,4068,3,0,2,4,1,1,2,1,5,1,4,0,3,5,210,209.0,satisfied
703,704,Female,Loyal Customer,59,Business travel,Eco,2816,3,5,2,2,3,3,0,4,1,1,2,1,2,0,213,231.0,neutral or dissatisfied
704,705,Male,Loyal Customer,51,Personal Travel,Eco Plus,290,4,2,3,2,4,2,5,0,2,2,2,5,3,5,184,,neutral or dissatisfied
705,706,Male,disloyal Customer,60,Business travel,Business,1435,0,3,1,2,1,3,4,1,0,0,5,4,5,4,32,57.0,satisfied
706,707,Female,Loyal Customer,42,Business travel,Eco Plus,4903,3,4,2,4,1,5,3,3,1,1,5,4,4,4,114,138.0,satisfied
707,708,Female,Loyal Customer,27,Personal Travel,Business,3206,2,3,1,5,2,5,3,2,2,1,1,4,0,0,274,277.0,neutral or dissatisfied
708,709,Female,Loyal Customer,38,Business travel,Eco Plus,478,5,4,5,0,3,4,2,2,0,5,3,1,3,3,197,218.0,neutral or dissatisfied
709,710,Female,disloyal Customer,63,Business travel,Eco Plus,4582,4,5,3,2,1,1,1,4,5,2,5,2,0,5,142,,satisfied
710,711,Male,Loyal Customer,56,Business travel,Business,3929,1,0,1,3,4,0,1,0,1,1,1,2,3,5,227,247.0,neutral or dissatisfied
711,712,Female,Loyal Customer,44,Personal Travel,Business,715,1,1,5,4,0,3,5,3,1,4,2,3,1,1,119,,neutral or dissatisfied
712,713,Male,Loyal Customer,44,Business travel,Eco Plus,2430,0,3,1,1,3,1,4,5,0,0,1,4,4,5,23,25.0,satisfied
713,714,Female,disloyal Customer,19,Business travel,Eco,1854,2,3,1,0,2,0,1,4,1,4,1,4,5,3,26,38.0,neutral or dissatisfied
714,715,Female,Loyal Customer,58,Personal Travel,Business,563,3,1,2,3,5,3,3,5,5,3,1,2,4,1,74,88.0,satisfied
715,716,Female,Loyal Customer,65,Business travel,Eco,1066,1,3,0,2,1,1,1,4,5,0,1,4,0,3,240,266.0,neutral or dissatisfied
716,717,Male,Loyal Customer,30,Business travel,Eco,4367,0,3,4,1,4,2,4,0,5,3,5,2,1,2,22,45.0,neutral or dissatisfied
717,718,Female,Loyal Customer,26,Business travel,Eco,3258,5,4,1,0,3,3,3,3,0,5,3,2,2,5,160,172.0,satisfied
718,719,Female,Loyal Customer,69,Business travel,Eco,3724,2,4,1,4,4,1,1,0,3,1,1,5,4,2,40,41.0,neutral or dissatisfied
719,720,Female,Loyal Customer,53,Business travel,Eco Plus,789,2,1,1,1,4,5,3,2,3,2,4,2,5,4,237,232.0,satisfied
720,721,Female,disloyal Customer,39,Business travel,Eco,2722,0,0,0,5,5,0,2,5,1,4,2,0,1,4,238,260.0,neutral or dissatisfied
721,722,Male,Loyal Customer,59,Business travel,Eco,2312,0,5,5,1,2,1,2,1,5,3,2,0,1,0,55,82.0,neutral or dissatisfied
722,723,Female,Loyal Customer,43,Business travel,Business,482,3,5,3,3,3,2,5,2,1,1,2,0,0,5,97,95.0,satisfied
723,724,Male,disloyal Customer,71,Personal Travel,Business,2356,0,3,2,0,1,3,2,2,0,4,2,0,5,1,145,,neutral or dissatisfied
724,725,Male,Loyal Customer,29,Personal Travel,Business,3910,3,0,0,3,2,3,1,5,1,4,2,1,1,2,261,286.0,neutral or dissatisfied
725,726,Male,Loyal Customer,34,Personal Travel,Eco,3603,3,1,5,3,1,3,4,4,4,5,1,3,1,3,39,61.0,satisfied
726,727,Male,Loyal Customer,31,Personal Travel,Eco,1512,4,1,1,2,0,2,3,2,3,5,3,3,2,5,192,189.0,satisfied
727,728,Male,Loyal Customer,31,Business travel,Business,1683,2,4,5,4,4,0,0,3,1,3,4,2,0,0,238,238.0,neutral or dissatisfied
728,729,Male,disloyal Customer,74,Personal Travel,Eco Plus,471,5,3,0,1,0,3,2,2,1,1,5,4,0,3,41,58.0,neutral or dissatisfied
729,730,Female,Loyal Customer,51,Business travel,Eco Plus,710,2,2,0,0,4,0,2,3,2,2,4,0,5,2,221,222.0,neutral or dissatisfied
730,731,Male,disloyal Customer,70,Personal Travel,Business,215,2,1,0,5,5,1,0,0,1,3,5,3,1,5,195,190.0,neutral or dissatisfied
731,732,Male,Loyal Customer,74,Personal Travel,Eco,546,4,3,3,4,2,5,0,4,4,4,5,3,2,2,287,287.0,satisfied
732,733,Male,Loyal Customer,37,Personal Travel,Business,1491,3,0,4,4,1,5,1,3,3,4,4,0,3,5,9,,satisfied
733,734,Female,Loyal Customer,28,Personal Travel,Business,3424,3,4,2,0,5,0,3,2,2,0,1,1,4,5,234,252.0,neutral or dissatisfied
734,735,Female,Loyal Customer,33,Business travel,Eco Plus,1440,0,5,3,4,1,0,2,4,0,1,2,1,0,2,264,287.0,neutral or dissatisfied
735,736,Male,Loyal Customer,68,Business travel,Eco,4610,4,0,3,2,2,5,4,4,0,0,1,3,2,2,68,94.0,satisfied
736,737,Female,disloyal Customer,48,Business travel,Business,3039,0,1,4,4,3,3,1,3,3,5,2,1,5,3,138,157.0,neutral or dissatisfied
737,738,Male,Loyal Customer,72,Business travel,Eco,3799,4,1,3,2,0,4,1,3,0,2,3,5,2,0,218,222.0,neutral or dissatisfied
738,739,Male,disloyal Customer,23,Business travel,Eco Plus,1173,0,0,0,1,0,4,4,1,4,3,5,0,1,2,195,224.0,neutral or dissatisfied
739,740,Female,Loyal Customer,73,Personal Travel,Business,4913,1,1,0,1,1,2,4,1,1,4,4,3,4,4,73,92.0,neutral or dissatisfied
740,741,Male,disloyal Customer,36,Personal Travel,Business,3669,2,3,5,3,1,5,5,4,3,1,3,0,0,0,102,123.0,satisfied
741,742,Female,disloyal Customer,54,Business travel,Eco Plus,3250,2,1,1,2,1,5,4,5,2,4,2,1,3,4,224,250.0,satisfied
742,743,Female,disloyal Customer,21,Personal Travel,Business,1705,5,4,3,5,2,2,0,5,1,5,1,0,1,3,122,128.0,satisfied
743,744,Male,disloyal Customer,64,Personal Travel,Eco,4757,3,3,1,1,3,4,2,1,0,0,4,1,0,2,101,99.0,neutral or dissatisfied
744,745,Male,disloyal Customer,21,Personal Travel,Eco,2394,5,2,2,4,0,1,5,2,0,0,5,1,5,0,263,283.0,neutral or dissatisfied
745,746,Female,Loyal Customer,37,Personal Travel,Eco,3762,1,1,0,0,5,3,0,0,2,3,3,0,0,2,160,157.0,neutral or dissatisfied
746,747,Male,Loyal Customer,27,Business travel,Business,4582,5,1,5,0,4,3,5,4,4,1,5,1,2,5,232,243.0,satisfied
747,748,Male,Loyal Customer,41,Personal Travel,Eco,4897,2,4,2,2,2,1,2,0,2,5,2,5,4,2,274,,neutral or dissatisfied
748,749,Male,disloyal Customer,71,Personal Travel,Eco Plus,1083,3,4,5,5,0,1,5,1,3,1,5,2,3,0,257,280.0,neutral or dissatisfied
749,750,Female,Loyal Customer,52,Business travel,Business,451,1,5,4,3,3,4,0,3,2,3,1,0,4,2,138,133.0,neutral or dissatisfied
750,751,Female,disloyal Customer,43,Business travel,Business,1824,2,0,0,4,2,2,3,4,0,5,3,2,2,2,226,238.0,neutral or dissatisfied
751,752,Male,Loyal Customer,54,Personal Travel,Business,2051,0,0,2,2,5,1,2,1,4,5,3,0,3,1,272,,neutral or dissatisfied
752,753,Female,Loyal Customer,55,Business travel,Eco,1379,4,0,4,0,0,2,1,2,4,0,1,1,3,1,85,113.0,neutral or dissatisfied
753,754,Female,Loyal Customer,38,Personal Travel,Eco Plus,2007,1,4,2,2,2,0,2,4,5,0,5,1,1,0,290,312.0,neutral or dissatisfied
754,755,Female,Loyal Customer,71,Personal Travel,Business,4948,3,0,5,4,0,3,2,4,2,0,1,3,3,0,216,,neutral or dissatisfied
755,756,Female,Loyal Customer,57,Business travel,Eco,1124,5,0,4,5,0,4,2,5,3,4,4,5,0,5,65,75.0,satisfied
756,757,Female,Loyal Customer,56,Business travel,Business,645,5,2,4,5,3,3,3,3,0,2,1,3,4,5,256,271.0,satisfied
757,758,Male,Loyal Customer,38,Personal Travel,Eco Plus,4274,1,0,0,1,4,4,0,4,1,0,5,2,5,2,134,141.0,neutral or dissatisfied
758,759,Male,Loyal Customer,27,Business travel,Business,2481,3,1,1,4,3,0,1,3,4,2,1,1,5,4,54,83.0,satisfied
759,760,Male,Loyal Customer,55,Business travel,Eco,988,1,5,5,1,0,3,0,1,2,2,2,3,4,0,242,268.0,neutral or dissatisfied
760,761,Female,Loyal Customer,63,Business travel,Eco,1205,3,4,5,1,2,0,5,2,5,1,1,1,1,2,251,251.0,satisfied
761,762,Female,disloyal Customer,21,Business travel,Eco Plus,2649,5,3,4,1,5,4,5,2,3,3,1,0,3,4,20,,satisfied
762,763,Male,Loyal Customer,74,Personal Travel,Business,2090,2,5,4,2,3,1,5,4,3,4,5,3,2,1,162,169.0,satisfied
763,764,Female,Loyal Customer,62,Business travel,Business,4098,0,2,0,0,4,3,0,4,0,2,4,2,0,5,263,269.0,neutral or dissatisfied
764,765,Male,Loyal Customer,37,Personal Travel,Eco,3875,2,4,1,5,0,0,4,1,4,4,4,3,1,0,67,94.0,neutral or dissatisfied
765,766,Male,Loyal Customer,34,Business travel,Business,2912,0,4,5,2,5,5,3,5,0,1,5,1,3,2,106,128.0,satisfied
766,767,Male,Loyal Customer,72,Business travel,Business,1020,5,1,3,0,3,3,4,5,5,0,5,4,5,1,66,63.0,satisfied
767,768,Female,Loyal Customer,24,Personal Travel,Business,4745,2,5,3,5,3,3,5,5,1,5,5,4,2,3,198,210.0,satisfied
768,769,Female,Loyal Customer,21,Personal Travel,Eco Plus,2161,2,5,1,4,3,3,3,3,1,2,2,5,3,1,191,211.0,neutral or dissatisfied
769,770,Male,Loyal Customer,46,Business travel,Eco Plus,4587,1,0,2,5,3,2,0,5,1,3,3,1,1,2,1,0.0,neutral or dissatisfied
770,771,Male,Loyal Customer,31,Business travel,Eco,3739,4,1,0,5,5,0,5,2,3,5,1,0,2,5,256,254.0,satisfied
771,772,Male,disloyal Customer,20,Business travel,Business,3265,5,0,1,5,2,0,0,3,4,1,5,3,2,4,0,,satisfied
772,773,Male,disloyal Customer,41,Business travel,Business,4535,3,0,3,3,4,3,3,1,0,4,5,4,2,3,114,136.0,neutral or dissatisfied
773,774,Female,Loyal Customer,54,Personal Travel,Eco,2744,5,4,4,4,4,1,0,2,0,0,5,0,2,3,87,106.0,neutral or dissatisfied
774,775,Female,Loyal Customer,33,Business travel,Eco,4952,3,5,3,2,0,3,0,2,5,4,4,1,3,5,196,216.0,satisfied
775,776,Male,Loyal Customer,72,Business travel,Business,1145,3,0,4,2,1,2,1,0,1,3,5,0,2,3,91,87.0,neutral or dissatisfied
776,777,Male,Loyal Customer,69,Business travel,Eco Plus,3656,0,2,0,0,2,4,4,1,4,2,1,1,3,0,273,301.0,neutral or dissatisfied
777,778,Female,disloyal Customer,21,Personal Travel,Business,2781,3,2,4,2,0,2,4,1,4,3,5,5,2,2,159,,satisfied
778,779,Female,Loyal Customer,73,Personal Travel,Eco,3299,3,5,1,1,0,1,4,0,5,4,1,3,2,3,172,187.0,neutral or dissatisfied
779,780,Male,Loyal Customer,41,Business travel,Business,1038,1,2,4,5,3,3,2,3,2,4,2,0,1,1,32,,satisfied
780,781,Male,Loyal Customer,51,Personal Travel,Eco,541,2,4,2,2,1,0,1,5,4,5,3,3,3,4,72,,neutral or dissatisfied
781,782,Male,disloyal Customer,47,Business travel,Eco,2650,5,1,1,0,1,5,5,5,4,3,4,0,5,2,195,,satisfied
782,783,Female,Loyal Customer,35,Business travel,Eco Plus,4325,5,3,0,0,2,3,5,5,0,3,1,1,3,5,283,304.0,satisfied
783,784,Female,Loyal Customer,36,Personal Travel,Business,696,3,0,1,1,1,1,5,5,5,3,2,1,4,1,86,102.0,satisfied
784,785,Female,Loyal Customer,48,Personal Travel,Eco Plus,1605,4,3,2,0,0,0,4,5,4,0,3,0,5,0,223,251.0,neutral or dissatisfied
785,786,Male,Loyal Customer,36,Personal Travel,Eco Plus,961,5,1,0,3,1,2,4,0,4,4,3,5,1,3,43,53.0,satisfied
786,787,Male,Loyal Customer,66,Business travel,Business,2740,3,1,3,5,1,4,1,1,0,1,3,1,3,1,137,151.0,neutral or dissatisfied
787,788,Female,Loyal Customer,63,Business travel,Eco,3831,0,4,2,5,4,4,0,3,4,0,1,2,1,2,269,289.0,neutral or dissatisfied
788,789,Female,Loyal Customer,36,Personal Travel,Eco,1651,0,2,0,5,0,3,4,2,0,0,2,2,5,1,35,45.0,neutral or dissatisfied
789,790,Male,Loyal Customer,39,Business travel,Eco Plus,3336,0,2,4,4,5,2,5,5,2,0,5,3,1,0,33,33.0,neutral or dissatisfied
790,791,Female,Loyal Customer,41,Business travel,Eco,1836,3,1,1,2,1,5,0,0,3,5,2,2,1,4,87,104.0,neutral or dissatisfied
791,792,Female,Loyal Customer,62,Business travel,Business,1549,1,4,0,3,1,5,4,3,0,1,2,2,0,3,145,147.0,satisfied
792,793,Male,Loyal Customer,29,Personal Travel,Eco Plus,364,4,4,1,2,3,1,3,3,0,3,2,5,3,2,15,,neutral or dissatisfied
793,794,Female,Loyal Customer,47,Business travel,Business,2759,3,5,4,3,1,4,2,3,4,5,1,5,1,3,232,248.0,satisfied
794,795,Male,disloyal Customer,55,Business travel,Eco,2821,1,0,0,2,1,2,4,0,0,4,1,4,0,3,40,40.0,neutral or dissatisfied
795,796,Male,Loyal Customer,70,Personal Travel,Eco,1562,1,2,3,1,4,3,3,2,5,2,1,4,0,5,254,280.0,satisfied
796,797,Male,Loyal Customer,48,Business travel,Eco,4352,5,1,2,0,0,0,1,5,1,5,2,5,2,3,280,291.0,neutral or dissatisfied
797,798,Male,Loyal Customer,53,Business travel,Business,1545,3,5,0,0,2,3,3,3,1,2,1,4,2,1,125,,satisfied
798,799,Male,Loyal Customer,36,Business travel,Business,2398,3,3,4,1,0,3,1,0,2,4,3,5,5,1,7,24.0,neutral or dissatisfied
799,800,Male,disloyal Customer,65,Business travel,Eco Plus,3025,1,2,0,3,3,2,4,1,0,1,1,4,3,4,175,182.0,neutral or dissatisfied
800,801,Male,Loyal Customer,62,Business travel,Eco Plus,1732,1,0,1,4,0,4,1,0,5,2,4,1,2,0,227,253.0,neutral or dissatisfied
801,802,Female,disloyal Customer,53,Business travel,Eco,2474,1,4,5,3,1,2,3,0,4,0,1,5,5,2,17,33.0,neutral or dissatisfied
802,803,Male,Loyal Customer,47,Personal Travel,Eco,612,5,1,0,0,3,0,2,0,4,5,1,3,3,1,55,56.0,neutral or dissatisfied
803,804,Male,Loyal Customer,72,Business travel,Eco,315,3,2,3,4,0,2,0,3,3,2,1,3,5,3,34,50.0,neutral or dissatisfied
804,805,Female,disloyal Customer,66,Personal Travel,Business,3431,1,3,0,2,3,1,0,0,2,4,1,5,0,0,117,132.0,neutral or dissatisfied
805,806,Female,disloyal Customer,72,Business travel,Business,2272,0,0,2,4,2,3,2,1,5,0,4,2,0,2,281,281.0,neutral or dissatisfied
806,807,Female,disloyal Customer,50,Business travel,Business,3253,3,0,0,3,0,4,5,3,5,2,5,3,3,2,253,261.0,satisfied
807,808,Male,disloyal Customer,35,Business travel,Business,1806,5,5,5,1,5,5,0,1,4,4,1,2,5,2,212,222.0,satisfied
808,809,Female,Loyal Customer,69,Business travel,Eco Plus,2206,0,2,1,2,1,0,4,4,3,1,3,3,5,2,60,57.0,neutral or dissatisfied
809,810,Male,disloyal Customer,66,Personal Travel,Eco,1667,2,3,0,3,3,5,5,0,4,4,4,0,2,4,87,90.0,satisfied
810,811,Male,Loyal Customer,45,Business travel,Eco,2308,3,0,3,2,5,3,4,5,3,1,5,0,2,2,270,285.0,satisfied
811,812,Male,disloyal Customer,64,Business travel,Business,2431,2,1,4,4,5,2,3,5,1,0,1,5,3,0,31,55.0,satisfied
812,813,Male,Loyal Customer,28,Personal Travel,Business,2253,1,0,0,0,4,5,3,3,5,4,5,3,4,1,132,156.0,satisfied
813,814,Female,disloyal Customer,74,Personal Travel,Business,1228,5,3,0,3,3,1,5,5,1,3,3,1,2,0,63,89.0,satisfied
814,815,Female,Loyal Customer,71,Personal Travel,Business,3610,1,4,2,1,5,2,5,3,4,5,4,2,1,3,198,215.0,satisfied
815,816,Male,Loyal Customer,62,Business travel,Eco,4423,5,4,3,4,4,3,5,0,2,3,4,3,2,5,255,,satisfied
816,817,Male,Loyal Customer,50,Personal Travel,Business,3753,4,5,5,3,5,5,5,2,0,3,5,5,4,4,154,149.0,satisfied
817,818,Male,disloyal Customer,34,Business travel,Eco Plus,2465,1,2,4,1,1,0,1,2,2,3,1,2,5,4,230,227.0,neutral or dissatisfied
818,819,Female,Loyal Customer,23,Business travel,Business,4997,2,3,1,3,2,5,5,1,2,5,2,4,0,3,34,35.0,satisfied
819,820,Male,Loyal Customer,21,Business travel,Eco,3021,5,5,0,4,4,5,5,0,0,3,4,5,0,0,25,22.0,satisfied
820,821,Male,Loyal Customer,37,Business travel,Eco Plus,4667,1,0,5,3,2,4,3,5,5,1,2,3,5,0,22,19.0,satisfied
821,822,Female,Loyal Customer,65,Business travel,Business,1179,3,0,4,2,3,5,4,0,1,4,4,1,0,3,140,138.0,satisfied
822,823,Female,disloyal Customer,64,Business travel,Eco Plus,3611,5,4,1,4,1,3,3,4,1,0,1,4,2,5,284,309.0,satisfied
823,824,Male,Loyal Customer,44,Personal Travel,Eco,2841,5,5,5,3,4,0,0,2,5,3,1,5,0,2,155,151.0,neutral or dissatisfied
824,825,Female,disloyal Customer,32,Business travel,Eco,3120,1,4,3,0,3,3,1,5,0,3,4,3,4,2,112,120.0,neutral or dissatisfied
825,826,Female,Loyal Customer,23,Business travel,Business,328,4,1,3,3,5,1,1,2,3,0,5,0,4,1,138,163.0,neutral or dissatisfied
826,827,Male,Loyal Customer,64,Business travel,Eco,270,1,4,4,2,0,2,4,0,2,0,1,3,2,0,208,204.0,neutral or dissatisfied
827,828,Female,disloyal Customer,31,Personal Travel,Eco,394,2,1,1,1,3,5,5,5,4,3,1,0,5,0,85,110.0,satisfied
828,829,Male,Loyal Customer,28,Business travel,Eco,4384,2,0,3,1,2,4,3,1,1,1,3,0,1,3,284,300.0,neutral or dissatisfied
829,830,Female,Loyal Customer,56,Business travel,Eco,525,5,5,4,1,1,0,0,0,5,0,1,5,2,3,59,63.0,neutral or dissatisfied
830,831,Male,Loyal Customer,26,Personal Travel,Eco,1018,5,1,3,0,1,4,3,1,4,4,3,3,0,2,53,77.0,satisfied
831,832,Male,disloyal Customer,43,Personal Travel,Eco Plus,3353,1,5,3,2,3,4,5,5,0,4,1,3,2,0,92,119.0,neutral or dissatisfied
832,833,Male,Loyal Customer,33,Business travel,Eco,598,2,5,5,4,5,4,5,2,4,1,1,0,4,0,264,277.0,satisfied
833,834,Female,disloyal Customer,22,Personal Travel,Eco Plus,2909,2,1,5,1,0,5,2,4,4,5,5,2,2,4,212,231.0,satisfied
834,835,Male,disloyal Customer,74,Personal Travel,Eco,925,4,2,3,2,2,0,3,3,2,2,5,4,2,1,9,,neutral or dissatisfied
835,836,Female,Loyal Customer,69,Personal Travel,Eco Plus,3879,3,4,2,3,3,0,4,2,0,1,1,1,1,1,202,,neutral or dissatisfied
836,837,Male,Loyal Customer,27,Business travel,Eco,1958,4,1,5,0,3,4,3,1,4,3,4,3,4,2,195,214.0,satisfied
837,838,Male,Loyal Customer,67,Personal Travel,Eco,2218,0,0,1,2,1,2,1,0,1,2,4,4,3,5,57,68.0,neutral or dissatisfied
838,839,Female,Loyal Customer,20,Business travel,Business,245,4,5,4,2,2,5,0,5,0,3,1,4,3,0,255,263.0,satisfied
839,840,Male,Loyal Customer,30,Business travel,Eco,4665,1,3,4,4,0,5,4,2,1,4,4,2,4,4,222,229.0,satisfied
840,841,Male,Loyal Customer,60,Business travel,Eco Plus,3677,3,1,1,2,1,3,2,4,5,0,1,4,3,0,179,175.0,satisfied
841,842,Female,Loyal Customer,66,Business travel,Eco,292,1,4,1,4,3,5,0,5,5,3,5,3,0,3,34,60.0,satisfied
842,843,Male,disloyal Customer,47,Business travel,Eco Plus,3988,0,5,1,0,1,4,0,1,3,4,2,5,3,2,102,128.0,neutral or dissatisfied
843,844,Male,disloyal Customer,71,Personal Travel,Business,151,3,2,1,0,1,1,1,5,5,1,3,5,0,5,160,160.0,satisfied
844,845,Male,disloyal Customer,62,Business travel,Eco,2510,5,0,0,3,4,4,1,5,4,3,4,4,4,1,199,218.0,satisfied
845,846,Male,Loyal Customer,23,Business travel,Business,1920,2,2,4,4,1,0,1,0,0,4,4,3,3,0,159,,neutral or dissatisfied
846,847,Female,Loyal Customer,34,Business travel,Eco,3064,4,3,0,4,5,5,4,3,5,0,5,3,3,5,182,194.0,satisfied
847,848,Female,Loyal Customer,62,Business travel,Eco Plus,2621,1,1,3,1,1,5,3,1,1,3,4,0,5,2,135,,neutral or dissatisfied
848,849,Male,disloyal Customer,68,Personal Travel,Eco Plus,1969,0,5,3,1,5,3,0,0,4,5,1,2,0,1,225,,neutral or dissatisfied
849,850,Female,Loyal Customer,70,Business travel,Business,2668,2,1,4,3,2,1,3,3,5,4,1,1,0,0,242,260.0,satisfied
850,851,Male,disloyal Customer,36,Business travel,Eco Plus,1967,4,4,3,0,1,5,3,0,2,3,2,0,2,4,105,,satisfied
851,852,Female,Loyal Customer,59,Business travel,Business,2838,2,1,1,5,0,3,1,3,1,0,2,1,1,2,70,88.0,neutral or dissatisfied
852,853,Male,Loyal Customer,52,Business travel,Business,3369,4,0,0,1,5,3,3,3,1,3,2,3,3,0,76,98.0,satisfied
853,854,Male,disloyal Customer,63,Business travel,Business,3299,5,3,1,2,5,1,0,3,3,3,1,5,5,1,53,81.0,satisfied
854,855,Male,Loyal Customer,43,Personal Travel,Business,2679,3,2,3,0,3,4,0,0,2,5,2,0,1,1,276,286.0,neutral or dissatisfied
855,856,Male,disloyal Customer,68,Personal Travel,Eco,4105,2,3,5,5,2,4,5,5,3,4,2,4,5,4,110,111.0,satisfied
856,857,Male,disloyal Customer,22,Business travel,Eco,340,2,5,0,2,1,4,2,3,5,2,1,4,1,2,223,,satisfied
857,858,Male,Loyal Customer,46,Personal Travel,Business,3540,2,1,1,4,0,2,4,5,2,3,5,1,3,2,74,74.0,satisfied
858,859,Female,Loyal Customer,54,Personal Travel,Eco,4731,3,5,4,0,3,4,3,1,1,2,4,3,5,5,13,35.0,satisfied
859,860,Male,Loyal Customer,37,Personal Travel,Business,1507,0,2,1,3,2,1,4,4,3,1,3,5,0,0,257,285.0,neutral or dissatisfied
860,861,Female,disloyal Customer,66,Business travel,Eco,3602,4,5,5,4,5,2,4,5,4,3,1,1,2,5,188,211.0,satisfied
861,862,Male,Loyal Customer,38,Business travel,Eco,4138,5,4,3,4,0,4,4,4,2,2,1,5,5,1,238,236.0,satisfied
862,863,Female,Loyal Customer,27,Business travel,Eco,182,2,3,0,2,1,2,5,3,1,1,3,2,4,1,90,98.0,neutral or dissatisfied
863,864,Female,Loyal Customer,22,Personal Travel,Eco Plus,3868,3,2,4,4,4,1,4,4,0,5,3,5,3,4,183,182.0,neutral or dissatisfied
864,865,Female,disloyal Customer,53,Personal Travel,Eco,1050,0,2,0,1,4,4,5,4,2,4,2,4,3,4,16,35.0,satisfied
865,866,Male,Loyal Customer,23,Business travel,Business,710,4,2,4,0,2,0,0,3,2,3,3,0,4,2,11,13.0,neutral or dissatisfied
866,867,Male,disloyal Customer,43,Business travel,Eco,4769,3,0,0,1,0,5,3,5,5,4,4,0,1,5,165,174.0,satisfied
867,868,Female,disloyal Customer,21,Personal Travel,Business,3705,5,3,3,2,3,1,5,3,4,1,4,0,2,1,145,158.0,satisfied
868,869,Male,Loyal Customer,56,Personal Travel,Eco,4654,5,5,4,5,0,3,2,1,5,4,4,5,1,0,281,286.0,neutral or dissatisfied
869,870,Female,Loyal Customer,56,Personal Travel,Eco,3383,4,2,2,2,5,3,4,2,2,4,4,4,4,3,36,50.0,satisfied
870,871,Male,disloyal Customer,67,Personal Travel,Eco,2273,2,3,0,0,4,1,2,0,2,0,4,5,4,0,69,81.0,neutral or dissatisfied
871,872,Female,Loyal Customer,52,Business travel,Business,3584,5,2,0,4,2,3,0,3,4,1,2,3,2,4,168,176.0,satisfied
872,873,Female,disloyal Customer,18,Business travel,Eco,1622,0,4,1,3,1,1,0,3,4,4,1,4,4,0,169,188.0,neutral or dissatisfied
873,874,Male,Loyal Customer,41,Personal Travel,Business,2701,3,4,4,2,0,0,1,4,3,2,3,4,4,1,252,262.0,neutral or dissatisfied
874,875,Female,Loyal Customer,74,Business travel,Eco,2757,0,4,5,0,4,1,4,1,1,1,1,5,5,5,296,308.0,neutral or dissatisfied
875,876,Male,disloyal Customer,53,Business travel,Business,2259,2,1,2,3,3,4,1,4,1,0,3,5,2,2,141,,satisfied
876,877,Female,Loyal Customer,23,Personal Travel,Business,2549,0,2,3,4,2,4,2,5,3,3,2,0,3,5,272,267.0,satisfied
877,878,Female,Loyal Customer,58,Business travel,Eco Plus,3930,0,1,1,5,1,2,3,3,1,5,2,4,1,3,224,219.0,neutral or dissatisfied
878,879,Male,Loyal Customer,71,Personal Travel,Eco Plus,221,1,3,2,2,0,3,1,3,2,4,5,0,3,2,182,197.0,neutral or dissatisfied
879,880,Male,Loyal Customer,63,Business travel,Business,4468,0,1,4,5,3,5,0,4,3,2,5,3,3,3,220,239.0,satisfied
880,881,Male,Loyal Customer,61,Personal Travel,Business,1417,4,3,2,0,1,3,4,3,3,0,2,2,5,3,52,73.0,satisfied
881,882,Female,Loyal Customer,74,Business travel,Eco Plus,4593,3,3,0,5,5,1,2,5,1,1,2,0,1,1,117,121.0,neutral or dissatisfied
882,883,Male,disloyal Customer,48,Business travel,Eco,2618,1,3,0,5,4,5,5,2,0,5,3,5,3,1,158,164.0,neutral or dissatisfied
883,884,Female,Loyal Customer,37,Personal Travel,Eco,1330,3,5,1,0,5,5,0,0,1,5,2,1,2,4,135,157.0,neutral or dissatisfied
884,885,Female,Loyal Customer,41,Business travel,Business,1233,3,1,4,0,4,3,5,0,5,4,1,2,1,4,76,102.0,satisfied
885,886,Male,Loyal Customer,42,Personal Travel,Business,1401,2,5,4,2,3,5,3,0,0,0,3,3,0,3,44,71.0,neutral or dissatisfied
886,887,Male,disloyal Customer,53,Personal Travel,Business,4134,2,2,2,5,5,5,4,2,3,0,2,5,5,5,17,19.0,satisfied
887,888,Female,Loyal Customer,38,Business travel,Business,2010,1,1,1,3,4,4,3,3,0,2,3,2,3,4,204,,satisfied
888,889,Female,disloyal Customer,47,Business travel,Eco,1605,5,2,4,0,2,0,3,4,2,3,3,5,4,1,82,78.0,neutral or dissatisfied
889,890,Male,Loyal Customer,41,Business travel,Eco,3285,2,2,5,4,3,1,4,1,4,3,4,0,1,4,49,78.0,satisfied
890,891,Male,Loyal Customer,61,Business travel,Business,2016,2,3,5,5,4,3,4,3,0,3,5,5,0,3,280,308.0,satisfied
891,892,Male,Loyal Customer,59,Personal Travel,Business,3648,2,1,0,0,0,4,5,2,5,5,3,3,4,2,165,165.0,satisfied
892,893,Male,Loyal Customer,47,Personal Travel,Business,2857,3,2,2,3,4,2,3,5,4,5,3,1,0,5,242,,satisfied
893,894,Male,Loyal Customer,39,Personal Travel,Eco,2056,1,4,3,2,5,5,2,2,2,1,4,0,3,5,163,,neutral or dissatisfied
894,895,Female,Loyal Customer,45,Personal Travel,Eco,278,3,2,0,5,2,5,5,0,5,5,2,0,4,0,55,61.0,satisfied
895,896,Female,disloyal Customer,24,Business travel,Business,996,4,4,1,0,1,3,4,3,4,5,3,3,3,4,38,60.0,satisfied
896,897,Female,Loyal Customer,52,Personal Travel,Business,1651,3,1,4,0,1,0,0,0,2,0,4,3,4,5,127,136.0,neutral or dissatisfied
897,898,Female,Loyal Customer,72,Personal Travel,Eco,591,4,5,0,4,4,0,5,1,4,1,1,2,1,1,121,134.0,neutral or dissatisfied
898,899,Male,Loyal Customer,45,Personal Travel,Eco,160,0,1,3,4,1,3,1,5,4,0,4,1,2,2,246,252.0,neutral or dissatisfied
899,900,Male,disloyal Customer,31,Personal Travel,Eco Plus,1177,0,5,3,5,4,3,2,0,1,2,5,5,2,1,185,,neutral or dissatisfied
900,901,Male,Loyal Customer,73,Business travel,Business,2995,4,5,5,0,2,4,5,1,5,2,5,2,0,4,207,,satisfied
901,902,Female,Loyal Customer,27,Personal Travel,Business,4260,4,1,1,5,1,3,4,2,5,1,2,5,5,3,238,257.0,satisfied
902,903,Female,Loyal Customer,33,Business travel,Eco Plus,3783,3,2,0,0,5,2,4,0,0,1,2,5,4,0,214,229.0,neutral or dissatisfied
903,904,Male,disloyal Customer,33,Business travel,Business,685,4,0,2,4,5,4,2,0,5,5,5,5,3,0,291,294.0,satisfied
904,905,Male,Loyal Customer,71,Business travel,Business,4060,1,2,0,3,0,5,1,4,5,2,5,2,5,2,223,229.0,satisfied
905,906,Female,Loyal Customer,48,Personal Travel,Eco Plus,3870,0,2,5,1,4,5,5,5,4,4,3,0,1,5,87,91.0,satisfied
906,907,Female,disloyal Customer,59,Personal Travel,Business,634,0,3,3,1,1,5,5,5,3,3,5,3,1,5,24,23.0,satisfied
907,908,Male,disloyal Customer,42,Personal Travel,Eco,3562,5,3,1,0,5,5,3,2,1,5,2,0,1,5,219,246.0,satisfied
908,909,Male,Loyal Customer,30,Personal Travel,Business,4111,4,2,1,4,2,1,0,4,0,3,5,1,2,0,274,273.0,neutral or dissatisfied
909,910,Female,disloyal Customer,23,Business travel,Business,3498,2,4,2,2,2,2,4,1,1,2,2,2,3,3,134,,neutral or dissatisfied
910,911,Male,Loyal Customer,61,Personal Travel,Eco Plus,2255,2,5,1,2,0,4,5,1,0,3,1,1,1,5,232,255.0,neutral or dissatisfied
911,912,Male,Loyal Customer,26,Business travel,Business,1104,4,3,5,1,2,4,5,2,2,4,5,3,1,1,65,77.0,satisfied
912,913,Male,Loyal Customer,62,Business travel,Eco,2599,1,2,5,3,2,5,5,5,4,4,2,3,0,5,79,102.0,satisfied
913,914,Female,Loyal Customer,53,Business travel,Eco Plus,426,2,0,5,1,1,0,1,1,5,0,4,4,4,3,254,254.0,neutral or dissatisfied
914,915,Female,Loyal Customer,73,Personal Travel,Business,4803,5,4,1,0,4,4,0,2,5,1,3,1,4,2,124,,satisfied
915,916,Female,disloyal Customer,60,Personal Travel,Eco,2806,4,1,1,3,3,2,5,1,3,3,2,0,4,2,145,171.0,neutral or dissatisfied
916,917,Female,Loyal Customer,37,Business travel,Business,101,1,2,5,2,2,3,2,3,1,4,5,1,5,0,102,127.0,neutral or dissatisfied
917,918,Female,Loyal Customer,35,Business travel,Eco,1133,1,2,1,4,2,2,4,0,1,1,5,2,0,3,276,281.0,neutral or dissatisfied
918,919,Female,Loyal Customer,60,Personal Travel,Business,2581,3,5,1,4,3,5,3,5,1,1,1,3,2,1,123,143.0,satisfied
919,920,Female,disloyal Customer,74,Business travel,Eco Plus,224,1,4,3,0,2,5,2,3,5,0,4,3,5,3,266,288.0,satisfied
920,921,Male,Loyal Customer,38,Personal Travel,Business,1204,2,3,0,1,1,1,4,2,1,1,2,1,0,1,277,298.0,neutral or dissatisfied
921,922,Male,Loyal Customer,21,Personal Travel,Eco Plus,2799,2,3,4,0,1,4,1,2,4,1,4,1,1,1,110,,neutral or dissatisfied
922,923,Male,Loyal Customer,67,Business travel,Eco,1961,4,3,1,4,3,4,0,3,0,5,1,5,3,3,88,109.0,neutral or dissatisfied
923,924,Male,Loyal Customer,50,Business travel,Eco,3020,4,1,4,2,5,4,0,0,5,2,3,1,5,4,157,171.0,satisfied
924,925,Male,disloyal Customer,44,Personal Travel,Business,228,1,4,4,4,2,5,4,0,4,0,4,5,5,3,215,212.0,satisfied
925,926,Male,disloyal Customer,24,Personal Travel,Business,537,5,4,3,3,5,4,2,4,2,0,1,2,1,1,35,45.0,satisfied
926,927,Male,Loyal Customer,23,Business travel,Eco,4946,0,3,1,5,2,0,3,1,4,3,2,2,1,5,86,109.0,neutral or dissatisfied
927,928,Female,disloyal Customer,32,Personal Travel,Eco,2648,3,3,5,4,4,0,1,4,4,1,3,0,3,2,117,126.0,neutral or dissatisfied
928,929,Female,Loyal Customer,35,Business travel,Business,3229,0,5,4,4,2,3,4,0,2,3,5,1,4,2,181,205.0,neutral or dissatisfied
929,930,Male,disloyal Customer,49,Business travel,Eco Plus,1321,1,0,1,5,1,4,1,3,4,5,1,0,5,0,67,62.0,neutral or dissatisfied
930,931,Male,Loyal Customer,73,Personal Travel,Business,1001,1,0,2,3,0,1,0,1,0,4,5,4,0,2,158,,neutral or dissatisfied
931,932,Female,Loyal Customer,28,Personal Travel,Eco,3268,0,2,5,1,0,3,5,3,5,1,3,2,2,4,284,308.0,satisfied
932,933,Male,Loyal Customer,37,Business travel,Business,4586,3,2,2,4,0,5,5,4,3,4,1,3,1,1,163,,satisfied
933,934,Male,Loyal Customer,41,Personal Travel,Business,4018,0,4,2,0,0,4,3,2,2,2,1,5,1,3,72,76.0,neutral or dissatisfied
934,935,Female,Loyal Customer,32,Business travel,Eco,1167,4,4,4,4,5,0,1,3,5,5,3,4,2,3,118,139.0,neutral or dissatisfied
935,936,Male,Loyal Customer,65,Business travel,Business,126,2,1,2,0,5,1,4,4,1,1,2,3,0,4,194,196.0,satisfied
936,937,Female,Loyal Customer,24,Business travel,Eco Plus,647,5,1,3,3,2,3,3,4,0,3,1,4,1,2,88,117.0,satisfied
937,938,Male,disloyal Customer,38,Personal Travel,Eco Plus,2768,4,0,3,4,5,1,2,4,3,3,3,0,2,1,75,,neutral or dissatisfied
938,939,Female,Loyal Customer,59,Business travel,Business,666,2,2,4,3,2,4,5,2,0,1,4,0,1,2,220,234.0,satisfied
939,940,Female,Loyal Customer,43,Business travel,Business,803,5,0,1,3,4,2,4,2,0,3,5,5,4,0,138,149.0,neutral or dissatisfied
940,941,Female,disloyal Customer,61,Business travel,Eco Plus,4380,5,0,0,1,2,1,1,2,1,1,1,2,4,2,240,257.0,neutral or dissatisfied
941,942,Male,Loyal Customer,73,Personal Travel,Business,3240,5,2,1,4,0,1,3,1,3,0,4,5,1,0,153,172.0,neutral or dissatisfied
942,943,Female,Loyal Customer,31,Personal Travel,Eco Plus,1690,1,1,1,0,3,5,4,2,0,3,1,3,1,3,52,77.0,neutral or dissatisfied
943,944,Male,Loyal Customer,74,Personal Travel,Eco,4794,5,5,1,0,3,0,3,2,1,1,2,4,4,1,141,141.0,neutral or dissatisfied
944,945,Male,disloyal Customer,54,Business travel,Eco,905,3,5,1,4,1,4,3,2,2,1,3,5,1,5,30,59.0,satisfied
945,946,Male,Loyal Customer,38,Personal Travel,Business,3891,0,5,5,5,1,1,3,3,1,3,1,1,0,0,222,220.0,neutral or dissatisfied
946,947,Male,Loyal Customer,35,Business travel,Business,1457,3,2,0,1,2,4,1,2,4,0,3,1,0,2,291,305.0,satisfied
947,948,Female,disloyal Customer,22,Personal Travel,Business,3325,0,3,5,1,3,0,4,1,5,3,1,2,3,2,265,260.0,neutral or dissatisfied
948,949,Female,disloyal Customer,20,Personal Travel,Business,3718,4,3,2,1,0,5,0,4,1,1,2,5,0,3,281,,satisfied
949,950,Male,Loyal Customer,40,Business travel,Eco Plus,2226,4,3,1,0,5,4,0,3,1,0,2,3,5,4,275,303.0,neutral or dissatisfied
950,951,Male,Loyal Customer,43,Personal Travel,Eco,2560,0,4,3,3,0,0,1,0,1,4,4,1,5,5,43,47.0,neutral or dissatisfied
951,952,Female,Loyal Customer,54,Business travel,Business,645,3,1,4,5,0,0,1,2,0,2,2,2,5,4,61,78.0,neutral or dissatisfied
952,953,Male,disloyal Customer,41,Business travel,Business,2828,0,1,4,1,2,3,5,4,3,3,3,5,1,2,200,218.0,satisfied
953,954,Female,Loyal Customer,66,Business travel,Business,3834,5,4,5,0,2,5,3,4,1,5,2,2,1,4,8,15.0,satisfied
954,955,Male,Loyal Customer,36,Business travel,Eco,2662,1,0,5,0,4,5,4,3,1,1,1,3,2,5,70,93.0,satisfied
955,956,Male,disloyal Customer,68,Business travel,Business,2179,4,5,3,3,0,4,4,0,4,0,2,1,5,5,89,110.0,satisfied
956,957,Female,Loyal Customer,42,Personal Travel,Eco,2741,1,3,1,4,0,2,2,5,4,0,3,1,5,1,23,48.0,neutral or dissatisfied
957,958,Male,Loyal Customer,38,Business travel,Business,3214,5,5,0,4,2,3,2,1,2,4,1,1,0,4,139,143.0,satisfied
958,959,Female,Loyal Customer,29,Personal Travel,Eco,2026,5,3,2,1,2,5,0,5,2,3,4,0,4,1,77,102.0,neutral or dissatisfied
959,960,Male,Loyal Customer,74,Business travel,Eco,716,4,5,4,1,4,0,2,4,4,5,4,1,4,2,213,217.0,neutral or dissatisfied
960,961,Male,Loyal Customer,58,Business travel,Business,3744,4,0,2,5,4,5,2,5,3,0,4,4,3,2,15,,satisfied
961,962,Male,Loyal Customer,50,Personal Travel,Business,1303,5,5,0,3,1,2,0,4,2,4,1,0,2,2,28,,satisfied
962,963,Female,Loyal Customer,67,Business travel,Eco Plus,1859,2,5,5,1,3,1,5,5,5,1,4,5,4,3,290,298.0,satisfied
963,964,Male,Loyal Customer,70,Business travel,Business,2665,1,2,4,3,0,1,0,4,5,4,2,0,3,4,42,,satisfied
964,965,Male,disloyal Customer,21,Personal Travel,Eco,3274,1,5,2,0,0,5,2,4,3,3,1,0,0,0,52,80.0,neutral or dissatisfied
965,966,Male,Loyal Customer,59,Business travel,Eco,3181,2,2,5,1,4,5,4,3,4,4,1,0,2,5,275,,satisfied
966,967,Male,disloyal Customer,74,Business travel,Eco,2730,3,1,0,0,4,3,2,0,2,0,1,2,2,0,231,246.0,neutral or dissatisfied
967,968,Female,Loyal Customer,24,Business travel,Eco,3261,1,4,2,2,1,5,3,4,1,0,5,4,5,2,211,237.0,neutral or dissatisfied
968,969,Female,disloyal Customer,39,Personal Travel,Business,4421,0,5,1,3,3,2,3,1,4,2,3,3,1,4,7,4.0,satisfied
969,970,Male,disloyal Customer,72,Personal Travel,Business,769,5,1,5,2,1,5,3,1,2,4,5,1,5,1,121,130.0,satisfied
970,971,Female,Loyal Customer,50,Personal Travel,Eco,3268,5,2,0,1,3,4,5,2,3,1,5,0,0,0,41,43.0,satisfied
971,972,Male,disloyal Customer,34,Personal Travel,Business,2221,2,5,2,0,5,2,1,4,5,5,5,3,5,2,232,258.0,satisfied
972,973,Male,disloyal Customer,41,Business travel,Eco,4178,1,5,1,1,0,3,3,4,3,5,3,2,2,0,69,89.0,neutral or dissatisfied
973,974,Male,Loyal Customer,51,Business travel,Business,4251,3,0,1,2,1,4,4,4,2,3,5,3,5,0,15,39.0,satisfied
974,975,Female,Loyal Customer,45,Personal Travel,Business,819,1,1,0,1,4,4,5,5,3,2,4,0,3,5,68,71.0,satisfied
975,976,Female,Loyal Customer,60,Business travel,Eco,2700,5,3,3,5,1,1,1,4,2,4,1,5,5,0,52,78.0,neutral or dissatisfied
976,977,Female,disloyal Customer,58,Business travel,Business,3698,4,3,4,4,5,2,1,4,2,1,1,4,4,2,172,177.0,satisfied
977,978,Female,disloyal Customer,56,Business travel,Eco,4769,0,0,0,2,1,4,3,1,3,2,2,3,0,5,261,277.0,neutral or dissatisfied
978,979,Female,disloyal Customer,39,Business travel,Eco,766,2,2,1,1,0,3,2,0,0,0,4,0,0,2,288,316.0,neutral or dissatisfied
979,980,Female,Loyal Customer,66,Personal Travel,Eco,383,4,3,1,0,5,1,0,0,1,3,3,0,2,3,14,26.0,neutral or dissatisfied
980,981,Female,disloyal Customer,34,Business travel,Eco,4003,3,3,0,1,4,4,2,2,4,4,1,1,5,3,269,282.0,satisfied
981,982,Female,Loyal Customer,51,Business travel,Eco Plus,3665,4,4,3,0,4,2,2,1,5,5,5,5,2,3,166,,satisfied
982,983,Female,Loyal Customer,23,Business travel,Eco,2334,4,1,4,4,2,1,1,4,1,1,2,1,2,0,62,74.0,neutral or dissatisfied
983,984,Male,Loyal Customer,63,Personal Travel,Business,4693,3,2,2,1,5,2,1,0,4,0,2,5,3,4,260,266.0,neutral or dissatisfied
984,985,Female,Loyal Customer,23,Business travel,Eco Plus,1565,4,5,0,4,2,2,5,3,4,2,1,4,1,2,120,,satisfied
985,986,Female,Loyal Customer,51,Business travel,Eco,229,2,1,4,2,2,2,5,3,5,3,4,1,2,3,239,,satisfied
986,987,Female,Loyal Customer,18,Personal Travel,Eco Plus,4834,5,2,4,0,0,1,1,3,1,2,2,4,1,4,106,105.0,neutral or dissatisfied
987,988,Female,Loyal Customer,27,Personal Travel,Eco Plus,2160,1,3,5,5,1,4,4,4,5,5,1,2,1,3,179,179.0,satisfied
988,989,Female,Loyal Customer,38,Business travel,Business,3772,4,4,1,2,4,5,4,4,2,2,4,2,0,3,15,22.0,satisfied
989,990,Female,Loyal Customer,22,Business travel,Eco Plus,2594,2,1,2,0,4,0,0,2,5,1,1,5,4,4,214,231.0,neutral or dissatisfied
990,991,Female,Loyal Customer,19,Business travel,Eco,1092,1,3,0,4,1,4,1,2,3,0,1,5,4,3,76,95.0,neutral or dissatisfied
991,992,Female,Loyal Customer,39,Business travel,Business,2221,1,2,1,3,4,1,3,2,0,4,4,1,5,0,224,,neutral or dissatisfied
992,993,Female,Loyal Customer,65,Business travel,Eco,2684,4,1,5,1,1,0,5,5,0,1,4,2,3,0,92,118.0,neutral or dissatisfied
993,994,Female,Loyal Customer,74,Business travel,Eco,4296,2,5,5,4,5,0,1,3,0,5,4,3,3,5,180,189.0,neutral or dissatisfied
994,995,Female,Loyal Customer,19,Business travel,Eco,2323,5,1,1,0,0,0,4,4,1,3,1,3,4,0,173,193.0,neutral or dissatisfied
995,996,Male,Loyal Customer,27,Business travel,Eco Plus,4622,4,3,3,0,0,5,1,3,1,5,2,3,5,1,218,223.0,neutral or dissatisfied
996,997,Male,Loyal Customer,51,Personal Travel,Eco,3288,3,1,4,0,0,3,4,2,2,5,3,2,4,5,142,145.0,satisfied
997,998,Female,Loyal Customer,33,Personal Travel,Business,3337,1,5,0,0,1,1,1,4,0,2,3,3,5,3,281,286.0,neutral or dissatisfied
998,999,Female,Loyal Customer,65,Personal Travel,Eco,4236,4,4,0,1,1,5,3,1,2,3,1,4,5,1,258,254.0,neutral or dissatisfied
999,1000,Male,disloyal Customer,68,Business travel,Business,4624,1,4,0,2,3,5,0,0,0,1,1,0,5,2,46,67.0,neutral or dissatisfied
